use mydatabase;
DELETE FROM researcher;
DELETE FROM corporate_member;
DELETE FROM organizations;
DELETE FROM research_center;
DELETE FROM company;
DELETE FROM university;
DELETE FROM phone_number;
DELETE FROM project;
DELETE FROM scientific_field;
DELETE FROM program;
INSERT INTO researcher
(`researcher_id`,`rfirst_name`,`rlast_name`,`date_of_birth`,`sex`)
VALUES
(  '257' ,  'Beth' ,  'Chavez' , '1977-11-27',  'F'  )
;

INSERT INTO researcher
(`researcher_id`,`rfirst_name`,`rlast_name`,`date_of_birth`,`sex`)
VALUES
(  '776' ,  'Joe' ,  'Smith' , '1961-01-17',  'M'  )
;

INSERT INTO researcher
(`researcher_id`,`rfirst_name`,`rlast_name`,`date_of_birth`,`sex`)
VALUES
(  '96' ,  'Michelle' ,  'Knapp' , '1951-09-07',  'F'  )
;

INSERT INTO researcher
(`researcher_id`,`rfirst_name`,`rlast_name`,`date_of_birth`,`sex`)
VALUES
(  '39' ,  'John' ,  'Johnson' , '1952-03-02',  'M'  )
;

INSERT INTO researcher
(`researcher_id`,`rfirst_name`,`rlast_name`,`date_of_birth`,`sex`)
VALUES
(  '382' ,  'Brandy' ,  'Kim' , '1985-06-21',  'F'  )
;

INSERT INTO researcher
(`researcher_id`,`rfirst_name`,`rlast_name`,`date_of_birth`,`sex`)
VALUES
(  '774' ,  'George' ,  'Harrington' , '1974-02-05',  'M'  )
;

INSERT INTO researcher
(`researcher_id`,`rfirst_name`,`rlast_name`,`date_of_birth`,`sex`)
VALUES
(  '744' ,  'Patricia' ,  'Burke' , '1985-04-20',  'F'  )
;

INSERT INTO researcher
(`researcher_id`,`rfirst_name`,`rlast_name`,`date_of_birth`,`sex`)
VALUES
(  '145' ,  'David' ,  'Carr' , '1959-04-07',  'M'  )
;

INSERT INTO researcher
(`researcher_id`,`rfirst_name`,`rlast_name`,`date_of_birth`,`sex`)
VALUES
(  '370' ,  'Andrea' ,  'Gray' , '1962-04-13',  'F'  )
;

INSERT INTO researcher
(`researcher_id`,`rfirst_name`,`rlast_name`,`date_of_birth`,`sex`)
VALUES
(  '883' ,  'Adam' ,  'Evans' , '1980-06-06',  'M'  )
;

INSERT INTO researcher
(`researcher_id`,`rfirst_name`,`rlast_name`,`date_of_birth`,`sex`)
VALUES
(  '565' ,  'Sue' ,  'Shaffer' , '1985-08-24',  'F'  )
;

INSERT INTO researcher
(`researcher_id`,`rfirst_name`,`rlast_name`,`date_of_birth`,`sex`)
VALUES
(  '47' ,  'William' ,  'Wagner' , '1979-01-02',  'M'  )
;

INSERT INTO researcher
(`researcher_id`,`rfirst_name`,`rlast_name`,`date_of_birth`,`sex`)
VALUES
(  '877' ,  'Shannon' ,  'Beasley' , '1989-08-13',  'F'  )
;

INSERT INTO researcher
(`researcher_id`,`rfirst_name`,`rlast_name`,`date_of_birth`,`sex`)
VALUES
(  '997' ,  'Christopher' ,  'Mayer' , '1967-04-25',  'M'  )
;

INSERT INTO researcher
(`researcher_id`,`rfirst_name`,`rlast_name`,`date_of_birth`,`sex`)
VALUES
(  '526' ,  'Ashley' ,  'Stephens' , '1985-11-20',  'F'  )
;

INSERT INTO researcher
(`researcher_id`,`rfirst_name`,`rlast_name`,`date_of_birth`,`sex`)
VALUES
(  '406' ,  'James' ,  'Pittman' , '1966-03-06',  'M'  )
;

INSERT INTO researcher
(`researcher_id`,`rfirst_name`,`rlast_name`,`date_of_birth`,`sex`)
VALUES
(  '538' ,  'Colleen' ,  'Cameron' , '1981-08-24',  'F'  )
;

INSERT INTO researcher
(`researcher_id`,`rfirst_name`,`rlast_name`,`date_of_birth`,`sex`)
VALUES
(  '923' ,  'Michael' ,  'Henderson' , '1964-05-06',  'M'  )
;

INSERT INTO researcher
(`researcher_id`,`rfirst_name`,`rlast_name`,`date_of_birth`,`sex`)
VALUES
(  '844' ,  'Deborah' ,  'Hamilton' , '1980-04-28',  'F'  )
;

INSERT INTO researcher
(`researcher_id`,`rfirst_name`,`rlast_name`,`date_of_birth`,`sex`)
VALUES
(  '676' ,  'Travis' ,  'Hanna' , '1986-02-17',  'M'  )
;

INSERT INTO researcher
(`researcher_id`,`rfirst_name`,`rlast_name`,`date_of_birth`,`sex`)
VALUES
(  '53' ,  'Ashley' ,  'Mccoy' , '1992-03-09',  'F'  )
;

INSERT INTO researcher
(`researcher_id`,`rfirst_name`,`rlast_name`,`date_of_birth`,`sex`)
VALUES
(  '892' ,  'Michael' ,  'Collins' , '1991-11-08',  'M'  )
;

INSERT INTO researcher
(`researcher_id`,`rfirst_name`,`rlast_name`,`date_of_birth`,`sex`)
VALUES
(  '933' ,  'Morgan' ,  'Singh' , '1951-11-05',  'F'  )
;

INSERT INTO researcher
(`researcher_id`,`rfirst_name`,`rlast_name`,`date_of_birth`,`sex`)
VALUES
(  '671' ,  'Timothy' ,  'Walker' , '1958-03-18',  'M'  )
;

INSERT INTO researcher
(`researcher_id`,`rfirst_name`,`rlast_name`,`date_of_birth`,`sex`)
VALUES
(  '688' ,  'Jessica' ,  'Murphy' , '1955-10-17',  'F'  )
;

INSERT INTO researcher
(`researcher_id`,`rfirst_name`,`rlast_name`,`date_of_birth`,`sex`)
VALUES
(  '615' ,  'Cory' ,  'Evans' , '1976-01-21',  'M'  )
;

INSERT INTO researcher
(`researcher_id`,`rfirst_name`,`rlast_name`,`date_of_birth`,`sex`)
VALUES
(  '912' ,  'Sierra' ,  'Acosta' , '1966-03-15',  'F'  )
;

INSERT INTO researcher
(`researcher_id`,`rfirst_name`,`rlast_name`,`date_of_birth`,`sex`)
VALUES
(  '663' ,  'Derrick' ,  'Delgado' , '1973-10-27',  'M'  )
;

INSERT INTO researcher
(`researcher_id`,`rfirst_name`,`rlast_name`,`date_of_birth`,`sex`)
VALUES
(  '319' ,  'Natalie' ,  'Smith' , '1960-06-23',  'F'  )
;

INSERT INTO researcher
(`researcher_id`,`rfirst_name`,`rlast_name`,`date_of_birth`,`sex`)
VALUES
(  '611' ,  'Jonathan' ,  'Day' , '1960-07-14',  'M'  )
;

INSERT INTO researcher
(`researcher_id`,`rfirst_name`,`rlast_name`,`date_of_birth`,`sex`)
VALUES
(  '660' ,  'Annette' ,  'Gallegos' , '1959-07-23',  'F'  )
;

INSERT INTO researcher
(`researcher_id`,`rfirst_name`,`rlast_name`,`date_of_birth`,`sex`)
VALUES
(  '805' ,  'David' ,  'Hall' , '1961-07-16',  'M'  )
;

INSERT INTO researcher
(`researcher_id`,`rfirst_name`,`rlast_name`,`date_of_birth`,`sex`)
VALUES
(  '480' ,  'April' ,  'Bell' , '1975-09-03',  'F'  )
;

INSERT INTO researcher
(`researcher_id`,`rfirst_name`,`rlast_name`,`date_of_birth`,`sex`)
VALUES
(  '846' ,  'Daniel' ,  'Moore' , '1960-01-10',  'M'  )
;

INSERT INTO researcher
(`researcher_id`,`rfirst_name`,`rlast_name`,`date_of_birth`,`sex`)
VALUES
(  '770' ,  'Sheena' ,  'Schwartz' , '1989-01-31',  'F'  )
;

INSERT INTO researcher
(`researcher_id`,`rfirst_name`,`rlast_name`,`date_of_birth`,`sex`)
VALUES
(  '521' ,  'Thomas' ,  'Bennett' , '1970-01-27',  'M'  )
;

INSERT INTO researcher
(`researcher_id`,`rfirst_name`,`rlast_name`,`date_of_birth`,`sex`)
VALUES
(  '207' ,  'Catherine' ,  'Lam' , '1989-04-14',  'F'  )
;

INSERT INTO researcher
(`researcher_id`,`rfirst_name`,`rlast_name`,`date_of_birth`,`sex`)
VALUES
(  '149' ,  'Marcus' ,  'Johnson' , '1992-03-22',  'M'  )
;

INSERT INTO researcher
(`researcher_id`,`rfirst_name`,`rlast_name`,`date_of_birth`,`sex`)
VALUES
(  '263' ,  'Brianna' ,  'Krause' , '1988-02-07',  'F'  )
;

INSERT INTO researcher
(`researcher_id`,`rfirst_name`,`rlast_name`,`date_of_birth`,`sex`)
VALUES
(  '500' ,  'David' ,  'Ferguson' , '1983-02-24',  'M'  )
;

INSERT INTO researcher
(`researcher_id`,`rfirst_name`,`rlast_name`,`date_of_birth`,`sex`)
VALUES
(  '958' ,  'Teresa' ,  'Thompson' , '1960-04-05',  'F'  )
;

INSERT INTO researcher
(`researcher_id`,`rfirst_name`,`rlast_name`,`date_of_birth`,`sex`)
VALUES
(  '158' ,  'Alan' ,  'Gonzalez' , '1983-07-22',  'M'  )
;

INSERT INTO researcher
(`researcher_id`,`rfirst_name`,`rlast_name`,`date_of_birth`,`sex`)
VALUES
(  '110' ,  'Anita' ,  'Adams' , '1989-03-02',  'F'  )
;

INSERT INTO researcher
(`researcher_id`,`rfirst_name`,`rlast_name`,`date_of_birth`,`sex`)
VALUES
(  '905' ,  'Walter' ,  'Cohen' , '1981-05-20',  'M'  )
;

INSERT INTO researcher
(`researcher_id`,`rfirst_name`,`rlast_name`,`date_of_birth`,`sex`)
VALUES
(  '7' ,  'Patricia' ,  'Castaneda' , '1966-08-17',  'F'  )
;

INSERT INTO researcher
(`researcher_id`,`rfirst_name`,`rlast_name`,`date_of_birth`,`sex`)
VALUES
(  '51' ,  'Zachary' ,  'Garza' , '1952-03-29',  'M'  )
;

INSERT INTO researcher
(`researcher_id`,`rfirst_name`,`rlast_name`,`date_of_birth`,`sex`)
VALUES
(  '730' ,  'Ann' ,  'Monroe' , '1952-04-05',  'F'  )
;

INSERT INTO researcher
(`researcher_id`,`rfirst_name`,`rlast_name`,`date_of_birth`,`sex`)
VALUES
(  '638' ,  'Gerald' ,  'Smith' , '1992-02-13',  'M'  )
;

INSERT INTO researcher
(`researcher_id`,`rfirst_name`,`rlast_name`,`date_of_birth`,`sex`)
VALUES
(  '808' ,  'Wanda' ,  'Harrington' , '1982-08-10',  'F'  )
;

INSERT INTO researcher
(`researcher_id`,`rfirst_name`,`rlast_name`,`date_of_birth`,`sex`)
VALUES
(  '839' ,  'Christopher' ,  'Nash' , '1967-09-25',  'M'  )
;

INSERT INTO researcher
(`researcher_id`,`rfirst_name`,`rlast_name`,`date_of_birth`,`sex`)
VALUES
(  '551' ,  'Hannah' ,  'Williams' , '1956-09-17',  'F'  )
;

INSERT INTO researcher
(`researcher_id`,`rfirst_name`,`rlast_name`,`date_of_birth`,`sex`)
VALUES
(  '630' ,  'Mario' ,  'Reid' , '1981-09-08',  'M'  )
;

INSERT INTO researcher
(`researcher_id`,`rfirst_name`,`rlast_name`,`date_of_birth`,`sex`)
VALUES
(  '140' ,  'Cathy' ,  'Coffey' , '1984-05-04',  'F'  )
;

INSERT INTO researcher
(`researcher_id`,`rfirst_name`,`rlast_name`,`date_of_birth`,`sex`)
VALUES
(  '865' ,  'Dustin' ,  'Bryan' , '1959-12-13',  'M'  )
;

INSERT INTO researcher
(`researcher_id`,`rfirst_name`,`rlast_name`,`date_of_birth`,`sex`)
VALUES
(  '929' ,  'Emily' ,  'Evans' , '1987-03-10',  'F'  )
;

INSERT INTO researcher
(`researcher_id`,`rfirst_name`,`rlast_name`,`date_of_birth`,`sex`)
VALUES
(  '819' ,  'Bradley' ,  'Wright' , '1980-10-19',  'M'  )
;

INSERT INTO researcher
(`researcher_id`,`rfirst_name`,`rlast_name`,`date_of_birth`,`sex`)
VALUES
(  '876' ,  'Kelly' ,  'Mitchell' , '1987-12-23',  'F'  )
;

INSERT INTO researcher
(`researcher_id`,`rfirst_name`,`rlast_name`,`date_of_birth`,`sex`)
VALUES
(  '590' ,  'Robert' ,  'Barrett' , '1971-01-16',  'M'  )
;

INSERT INTO researcher
(`researcher_id`,`rfirst_name`,`rlast_name`,`date_of_birth`,`sex`)
VALUES
(  '399' ,  'Michelle' ,  'Knight' , '1965-12-27',  'F'  )
;

INSERT INTO researcher
(`researcher_id`,`rfirst_name`,`rlast_name`,`date_of_birth`,`sex`)
VALUES
(  '429' ,  'Joseph' ,  'Anderson' , '1970-06-24',  'M'  )
;

INSERT INTO researcher
(`researcher_id`,`rfirst_name`,`rlast_name`,`date_of_birth`,`sex`)
VALUES
(  '337' ,  'Nichole' ,  'Reilly' , '1955-02-19',  'F'  )
;

INSERT INTO researcher
(`researcher_id`,`rfirst_name`,`rlast_name`,`date_of_birth`,`sex`)
VALUES
(  '108' ,  'Ronald' ,  'Martinez' , '1958-03-09',  'M'  )
;

INSERT INTO researcher
(`researcher_id`,`rfirst_name`,`rlast_name`,`date_of_birth`,`sex`)
VALUES
(  '197' ,  'Laurie' ,  'Bowers' , '1975-06-22',  'F'  )
;

INSERT INTO researcher
(`researcher_id`,`rfirst_name`,`rlast_name`,`date_of_birth`,`sex`)
VALUES
(  '414' ,  'Ronnie' ,  'Watson' , '1982-05-03',  'M'  )
;

INSERT INTO researcher
(`researcher_id`,`rfirst_name`,`rlast_name`,`date_of_birth`,`sex`)
VALUES
(  '453' ,  'Dawn' ,  'Donovan' , '1969-06-22',  'F'  )
;

INSERT INTO researcher
(`researcher_id`,`rfirst_name`,`rlast_name`,`date_of_birth`,`sex`)
VALUES
(  '385' ,  'Joshua' ,  'Brooks' , '1962-04-20',  'M'  )
;

INSERT INTO researcher
(`researcher_id`,`rfirst_name`,`rlast_name`,`date_of_birth`,`sex`)
VALUES
(  '901' ,  'Michelle' ,  'Adams' , '1962-03-22',  'F'  )
;

INSERT INTO researcher
(`researcher_id`,`rfirst_name`,`rlast_name`,`date_of_birth`,`sex`)
VALUES
(  '98' ,  'Michael' ,  'Brown' , '1975-05-29',  'M'  )
;

INSERT INTO researcher
(`researcher_id`,`rfirst_name`,`rlast_name`,`date_of_birth`,`sex`)
VALUES
(  '221' ,  'Barbara' ,  'Maxwell' , '1958-03-06',  'F'  )
;

INSERT INTO researcher
(`researcher_id`,`rfirst_name`,`rlast_name`,`date_of_birth`,`sex`)
VALUES
(  '222' ,  'John' ,  'Lee' , '1983-03-25',  'M'  )
;

INSERT INTO researcher
(`researcher_id`,`rfirst_name`,`rlast_name`,`date_of_birth`,`sex`)
VALUES
(  '71' ,  'Amy' ,  'Green' , '1989-06-21',  'F'  )
;

INSERT INTO researcher
(`researcher_id`,`rfirst_name`,`rlast_name`,`date_of_birth`,`sex`)
VALUES
(  '227' ,  'Jacob' ,  'Smith' , '1973-08-09',  'M'  )
;

INSERT INTO researcher
(`researcher_id`,`rfirst_name`,`rlast_name`,`date_of_birth`,`sex`)
VALUES
(  '858' ,  'Kristen' ,  'Larson' , '1962-05-08',  'F'  )
;

INSERT INTO researcher
(`researcher_id`,`rfirst_name`,`rlast_name`,`date_of_birth`,`sex`)
VALUES
(  '648' ,  'Juan' ,  'Ali' , '1972-12-07',  'M'  )
;

INSERT INTO researcher
(`researcher_id`,`rfirst_name`,`rlast_name`,`date_of_birth`,`sex`)
VALUES
(  '182' ,  'Crystal' ,  'Scott' , '1955-01-13',  'F'  )
;

INSERT INTO researcher
(`researcher_id`,`rfirst_name`,`rlast_name`,`date_of_birth`,`sex`)
VALUES
(  '22' ,  'Nicholas' ,  'Ferguson' , '1971-11-26',  'M'  )
;

INSERT INTO researcher
(`researcher_id`,`rfirst_name`,`rlast_name`,`date_of_birth`,`sex`)
VALUES
(  '807' ,  'Brenda' ,  'Arellano' , '1955-02-19',  'F'  )
;

INSERT INTO researcher
(`researcher_id`,`rfirst_name`,`rlast_name`,`date_of_birth`,`sex`)
VALUES
(  '314' ,  'Cameron' ,  'Nielsen' , '1984-05-01',  'M'  )
;

INSERT INTO researcher
(`researcher_id`,`rfirst_name`,`rlast_name`,`date_of_birth`,`sex`)
VALUES
(  '735' ,  'Lisa' ,  'Morgan' , '1979-02-26',  'F'  )
;

INSERT INTO researcher
(`researcher_id`,`rfirst_name`,`rlast_name`,`date_of_birth`,`sex`)
VALUES
(  '893' ,  'David' ,  'Carr' , '1956-08-31',  'M'  )
;

INSERT INTO researcher
(`researcher_id`,`rfirst_name`,`rlast_name`,`date_of_birth`,`sex`)
VALUES
(  '481' ,  'Crystal' ,  'Atkinson' , '1965-12-20',  'F'  )
;

INSERT INTO researcher
(`researcher_id`,`rfirst_name`,`rlast_name`,`date_of_birth`,`sex`)
VALUES
(  '871' ,  'Matthew' ,  'Cross' , '1965-11-22',  'M'  )
;

INSERT INTO researcher
(`researcher_id`,`rfirst_name`,`rlast_name`,`date_of_birth`,`sex`)
VALUES
(  '762' ,  'Tara' ,  'Love' , '1992-03-21',  'F'  )
;

INSERT INTO researcher
(`researcher_id`,`rfirst_name`,`rlast_name`,`date_of_birth`,`sex`)
VALUES
(  '125' ,  'Danny' ,  'Gill' , '1962-12-09',  'M'  )
;

INSERT INTO researcher
(`researcher_id`,`rfirst_name`,`rlast_name`,`date_of_birth`,`sex`)
VALUES
(  '471' ,  'Holly' ,  'Burns' , '1977-06-26',  'F'  )
;

INSERT INTO researcher
(`researcher_id`,`rfirst_name`,`rlast_name`,`date_of_birth`,`sex`)
VALUES
(  '302' ,  'Bruce' ,  'Abbott' , '1980-03-09',  'M'  )
;

INSERT INTO researcher
(`researcher_id`,`rfirst_name`,`rlast_name`,`date_of_birth`,`sex`)
VALUES
(  '941' ,  'Kristy' ,  'Shaw' , '1952-07-26',  'F'  )
;

INSERT INTO researcher
(`researcher_id`,`rfirst_name`,`rlast_name`,`date_of_birth`,`sex`)
VALUES
(  '881' ,  'Ronald' ,  'Mcdonald' , '1991-01-08',  'M'  )
;

INSERT INTO researcher
(`researcher_id`,`rfirst_name`,`rlast_name`,`date_of_birth`,`sex`)
VALUES
(  '175' ,  'Briana' ,  'Morales' , '1965-06-07',  'F'  )
;

INSERT INTO researcher
(`researcher_id`,`rfirst_name`,`rlast_name`,`date_of_birth`,`sex`)
VALUES
(  '645' ,  'Robert' ,  'Walker' , '1984-09-02',  'M'  )
;

INSERT INTO researcher
(`researcher_id`,`rfirst_name`,`rlast_name`,`date_of_birth`,`sex`)
VALUES
(  '913' ,  'Amanda' ,  'Smith' , '1978-10-27',  'F'  )
;

INSERT INTO researcher
(`researcher_id`,`rfirst_name`,`rlast_name`,`date_of_birth`,`sex`)
VALUES
(  '366' ,  'Jose' ,  'Wilson' , '1963-11-08',  'M'  )
;

INSERT INTO researcher
(`researcher_id`,`rfirst_name`,`rlast_name`,`date_of_birth`,`sex`)
VALUES
(  '977' ,  'Katherine' ,  'Moore' , '1958-11-25',  'F'  )
;

INSERT INTO researcher
(`researcher_id`,`rfirst_name`,`rlast_name`,`date_of_birth`,`sex`)
VALUES
(  '311' ,  'Joshua' ,  'Mcmahon' , '1982-01-18',  'M'  )
;

INSERT INTO researcher
(`researcher_id`,`rfirst_name`,`rlast_name`,`date_of_birth`,`sex`)
VALUES
(  '668' ,  'Alyssa' ,  'Holmes' , '1954-02-12',  'F'  )
;

INSERT INTO researcher
(`researcher_id`,`rfirst_name`,`rlast_name`,`date_of_birth`,`sex`)
VALUES
(  '658' ,  'Timothy' ,  'Ramirez' , '1990-06-26',  'M'  )
;

INSERT INTO researcher
(`researcher_id`,`rfirst_name`,`rlast_name`,`date_of_birth`,`sex`)
VALUES
(  '925' ,  'Carmen' ,  'Martinez' , '1952-12-01',  'F'  )
;

INSERT INTO researcher
(`researcher_id`,`rfirst_name`,`rlast_name`,`date_of_birth`,`sex`)
VALUES
(  '101' ,  'Michael' ,  'Burns' , '1985-12-29',  'M'  )
;

INSERT INTO researcher
(`researcher_id`,`rfirst_name`,`rlast_name`,`date_of_birth`,`sex`)
VALUES
(  '749' ,  'Kathy' ,  'Jones' , '1970-06-09',  'F'  )
;

INSERT INTO researcher
(`researcher_id`,`rfirst_name`,`rlast_name`,`date_of_birth`,`sex`)
VALUES
(  '97' ,  'Kevin' ,  'Randall' , '1982-06-12',  'M'  )
;

INSERT INTO corporate_member
(`corporate_id`,`cfirst_name`,`clast_name`)
VALUES
(  '653' ,  'Dawn' ,  'Green'  )
;

INSERT INTO corporate_member
(`corporate_id`,`cfirst_name`,`clast_name`)
VALUES
(  '85' ,  'Jesse' ,  'Johnson'  )
;

INSERT INTO corporate_member
(`corporate_id`,`cfirst_name`,`clast_name`)
VALUES
(  '979' ,  'John' ,  'Delacruz'  )
;

INSERT INTO corporate_member
(`corporate_id`,`cfirst_name`,`clast_name`)
VALUES
(  '834' ,  'Catherine' ,  'Bryant'  )
;

INSERT INTO corporate_member
(`corporate_id`,`cfirst_name`,`clast_name`)
VALUES
(  '677' ,  'Nicholas' ,  'Hanson'  )
;

INSERT INTO corporate_member
(`corporate_id`,`cfirst_name`,`clast_name`)
VALUES
(  '435' ,  'Angela' ,  'Huff'  )
;

INSERT INTO corporate_member
(`corporate_id`,`cfirst_name`,`clast_name`)
VALUES
(  '486' ,  'Christine' ,  'Schmidt'  )
;

INSERT INTO corporate_member
(`corporate_id`,`cfirst_name`,`clast_name`)
VALUES
(  '800' ,  'Jenny' ,  'Hatfield'  )
;

INSERT INTO corporate_member
(`corporate_id`,`cfirst_name`,`clast_name`)
VALUES
(  '552' ,  'Steven' ,  'Ross'  )
;

INSERT INTO corporate_member
(`corporate_id`,`cfirst_name`,`clast_name`)
VALUES
(  '179' ,  'Amber' ,  'Cooper'  )
;

INSERT INTO corporate_member
(`corporate_id`,`cfirst_name`,`clast_name`)
VALUES
(  '850' ,  'Vanessa' ,  'Becker'  )
;

INSERT INTO corporate_member
(`corporate_id`,`cfirst_name`,`clast_name`)
VALUES
(  '251' ,  'Sarah' ,  'Young'  )
;

INSERT INTO corporate_member
(`corporate_id`,`cfirst_name`,`clast_name`)
VALUES
(  '581' ,  'Devin' ,  'Lowe'  )
;

INSERT INTO corporate_member
(`corporate_id`,`cfirst_name`,`clast_name`)
VALUES
(  '869' ,  'Nathan' ,  'Peterson'  )
;

INSERT INTO corporate_member
(`corporate_id`,`cfirst_name`,`clast_name`)
VALUES
(  '373' ,  'Erika' ,  'Sandoval'  )
;

INSERT INTO corporate_member
(`corporate_id`,`cfirst_name`,`clast_name`)
VALUES
(  '298' ,  'Laura' ,  'Hutchinson'  )
;

INSERT INTO corporate_member
(`corporate_id`,`cfirst_name`,`clast_name`)
VALUES
(  '166' ,  'Monica' ,  'Ewing'  )
;

INSERT INTO corporate_member
(`corporate_id`,`cfirst_name`,`clast_name`)
VALUES
(  '3' ,  'Randall' ,  'Bennett'  )
;

INSERT INTO corporate_member
(`corporate_id`,`cfirst_name`,`clast_name`)
VALUES
(  '107' ,  'Shaun' ,  'Manning'  )
;

INSERT INTO corporate_member
(`corporate_id`,`cfirst_name`,`clast_name`)
VALUES
(  '74' ,  'Mark' ,  'Smith'  )
;

INSERT INTO corporate_member
(`corporate_id`,`cfirst_name`,`clast_name`)
VALUES
(  '100' ,  'Daniel' ,  'Chandler'  )
;

INSERT INTO corporate_member
(`corporate_id`,`cfirst_name`,`clast_name`)
VALUES
(  '443' ,  'Jessica' ,  'Johnson'  )
;

INSERT INTO corporate_member
(`corporate_id`,`cfirst_name`,`clast_name`)
VALUES
(  '722' ,  'Jeffery' ,  'Williams'  )
;

INSERT INTO corporate_member
(`corporate_id`,`cfirst_name`,`clast_name`)
VALUES
(  '204' ,  'Allison' ,  'Cole'  )
;

INSERT INTO corporate_member
(`corporate_id`,`cfirst_name`,`clast_name`)
VALUES
(  '823' ,  'Amanda' ,  'Gutierrez'  )
;

INSERT INTO corporate_member
(`corporate_id`,`cfirst_name`,`clast_name`)
VALUES
(  '417' ,  'Brenda' ,  'Murphy'  )
;

INSERT INTO corporate_member
(`corporate_id`,`cfirst_name`,`clast_name`)
VALUES
(  '862' ,  'Juan' ,  'Garrett'  )
;

INSERT INTO corporate_member
(`corporate_id`,`cfirst_name`,`clast_name`)
VALUES
(  '831' ,  'Manuel' ,  'Jones'  )
;

INSERT INTO corporate_member
(`corporate_id`,`cfirst_name`,`clast_name`)
VALUES
(  '539' ,  'Gabrielle' ,  'Morgan'  )
;

INSERT INTO corporate_member
(`corporate_id`,`cfirst_name`,`clast_name`)
VALUES
(  '242' ,  'Billy' ,  'Foster'  )
;

INSERT INTO corporate_member
(`corporate_id`,`cfirst_name`,`clast_name`)
VALUES
(  '233' ,  'Danielle' ,  'Juarez'  )
;

INSERT INTO corporate_member
(`corporate_id`,`cfirst_name`,`clast_name`)
VALUES
(  '618' ,  'Thomas' ,  'Tucker'  )
;

INSERT INTO corporate_member
(`corporate_id`,`cfirst_name`,`clast_name`)
VALUES
(  '942' ,  'Heather' ,  'Jones'  )
;

INSERT INTO corporate_member
(`corporate_id`,`cfirst_name`,`clast_name`)
VALUES
(  '926' ,  'Robert' ,  'Robinson'  )
;

INSERT INTO corporate_member
(`corporate_id`,`cfirst_name`,`clast_name`)
VALUES
(  '360' ,  'James' ,  'Barber'  )
;

INSERT INTO organizations
(`org_name`,`sorthand`,`postcode`,`street`,`str_number`,`city`)
VALUES
(  'Cruz, Butler and Johnston' ,  'CRU' ,  '33444' ,  'April Mill' ,  '65' ,  'Brownstad'  )
;

INSERT INTO organizations
(`org_name`,`sorthand`,`postcode`,`street`,`str_number`,`city`)
VALUES
(  'Ingram, Kim and Dillon' ,  'ING' ,  '10784' ,  'Curry Viaduct' ,  '112' ,  'Jamesland'  )
;

INSERT INTO organizations
(`org_name`,`sorthand`,`postcode`,`street`,`str_number`,`city`)
VALUES
(  'Carpenter LLC' ,  'CAR' ,  '42043' ,  'Phillips Road' ,  '48' ,  'East Andrew'  )
;

INSERT INTO organizations
(`org_name`,`sorthand`,`postcode`,`street`,`str_number`,`city`)
VALUES
(  'Hill PLC' ,  'HIL' ,  '68240' ,  'Nicholas Meadows' ,  '86' ,  'Erinfort'  )
;

INSERT INTO organizations
(`org_name`,`sorthand`,`postcode`,`street`,`str_number`,`city`)
VALUES
(  'Butler, Moore and Carter' ,  'BUT' ,  '75391' ,  'David Stravenue' ,  '87' ,  'East Beth'  )
;

INSERT INTO organizations
(`org_name`,`sorthand`,`postcode`,`street`,`str_number`,`city`)
VALUES
(  'Anderson PLC' ,  'AND' ,  '65303' ,  'Gregory Village' ,  '4' ,  'Charlotteton'  )
;

INSERT INTO organizations
(`org_name`,`sorthand`,`postcode`,`street`,`str_number`,`city`)
VALUES
(  'Tate-Garcia' ,  'TAT' ,  '76895' ,  'Patrick Drives' ,  '76' ,  'Powellbury'  )
;

INSERT INTO organizations
(`org_name`,`sorthand`,`postcode`,`street`,`str_number`,`city`)
VALUES
(  'Jones-Lamb' ,  'JON' ,  '78882' ,  'Lara Lakes' ,  '149' ,  'West Stacey'  )
;

INSERT INTO organizations
(`org_name`,`sorthand`,`postcode`,`street`,`str_number`,`city`)
VALUES
(  'Brown Group' ,  'BRO' ,  '05172' ,  'Scott Fields' ,  '86' ,  'South Jerryton'  )
;

INSERT INTO organizations
(`org_name`,`sorthand`,`postcode`,`street`,`str_number`,`city`)
VALUES
(  'Carlson, Foster and Thomas' ,  'CAR' ,  '29915' ,  'Clark Fork' ,  '146' ,  'Lake Carlos'  )
;

INSERT INTO organizations
(`org_name`,`sorthand`,`postcode`,`street`,`str_number`,`city`)
VALUES
(  'Bryant-Porter' ,  'BRY' ,  '62462' ,  'Jennifer Extension' ,  '11' ,  'Port Madison'  )
;

INSERT INTO organizations
(`org_name`,`sorthand`,`postcode`,`street`,`str_number`,`city`)
VALUES
(  'Wilkins, Richardson and Lopez' ,  'WIL' ,  '38548' ,  'Munoz Oval' ,  '122' ,  'New Christine'  )
;

INSERT INTO organizations
(`org_name`,`sorthand`,`postcode`,`street`,`str_number`,`city`)
VALUES
(  'Foster, Pena and Rogers' ,  'FOS' ,  '51027' ,  'Lopez Ville' ,  '112' ,  'Port Ronald'  )
;

INSERT INTO organizations
(`org_name`,`sorthand`,`postcode`,`street`,`str_number`,`city`)
VALUES
(  'Hurley and Sons' ,  'HUR' ,  '64732' ,  'Nguyen Union' ,  '103' ,  'North Martin'  )
;

INSERT INTO organizations
(`org_name`,`sorthand`,`postcode`,`street`,`str_number`,`city`)
VALUES
(  'Velasquez Group' ,  'VEL' ,  '26347' ,  'Juarez Junctions' ,  '132' ,  'North Jamesland'  )
;

INSERT INTO organizations
(`org_name`,`sorthand`,`postcode`,`street`,`str_number`,`city`)
VALUES
(  'Miller-Walker' ,  'MIL' ,  '19233' ,  'Anthony Corner' ,  '89' ,  'Martinezmouth'  )
;

INSERT INTO organizations
(`org_name`,`sorthand`,`postcode`,`street`,`str_number`,`city`)
VALUES
(  'Patton-Mosley' ,  'PAT' ,  '01838' ,  'Angela Forks' ,  '100' ,  'Anthonyfurt'  )
;

INSERT INTO organizations
(`org_name`,`sorthand`,`postcode`,`street`,`str_number`,`city`)
VALUES
(  'Gonzalez Ltd' ,  'GON' ,  '05906' ,  'Lucas Viaduct' ,  '102' ,  'Lake Melinda'  )
;

INSERT INTO organizations
(`org_name`,`sorthand`,`postcode`,`street`,`str_number`,`city`)
VALUES
(  'Mcclain, Jones and Cobb' ,  'MCC' ,  '53691' ,  'Mason Meadows' ,  '143' ,  'Stephanieside'  )
;

INSERT INTO organizations
(`org_name`,`sorthand`,`postcode`,`street`,`str_number`,`city`)
VALUES
(  'Solis-Hall' ,  'SOL' ,  '37258' ,  'Sanders Branch' ,  '48' ,  'South Tamitown'  )
;

INSERT INTO organizations
(`org_name`,`sorthand`,`postcode`,`street`,`str_number`,`city`)
VALUES
(  'Walker Inc' ,  'WAL' ,  '48515' ,  'Rios Track' ,  '31' ,  'East Michaelberg'  )
;

INSERT INTO organizations
(`org_name`,`sorthand`,`postcode`,`street`,`str_number`,`city`)
VALUES
(  'Diaz, Leonard and Baker' ,  'DIA' ,  '83267' ,  'Megan Heights' ,  '14' ,  'Wilsonfort'  )
;

INSERT INTO organizations
(`org_name`,`sorthand`,`postcode`,`street`,`str_number`,`city`)
VALUES
(  'Gray and Sons' ,  'GRA' ,  '55370' ,  'Adam Lakes' ,  '84' ,  'Jamesland'  )
;

INSERT INTO organizations
(`org_name`,`sorthand`,`postcode`,`street`,`str_number`,`city`)
VALUES
(  'Chapman, Hansen and Williams' ,  'CHA' ,  '11481' ,  'Jacobs Lodge' ,  '134' ,  'Whiteville'  )
;

INSERT INTO organizations
(`org_name`,`sorthand`,`postcode`,`street`,`str_number`,`city`)
VALUES
(  'Foster, Clark and Ramos' ,  'FOS' ,  '38382' ,  'King Harbor' ,  '137' ,  'Carneyton'  )
;

INSERT INTO organizations
(`org_name`,`sorthand`,`postcode`,`street`,`str_number`,`city`)
VALUES
(  'Booker, Santiago and Fox' ,  'BOO' ,  '53940' ,  'Nicholson Parkways' ,  '131' ,  'Port Michelle'  )
;

INSERT INTO organizations
(`org_name`,`sorthand`,`postcode`,`street`,`str_number`,`city`)
VALUES
(  'Livingston-Benjamin' ,  'LIV' ,  '59730' ,  'Pearson Mountains' ,  '84' ,  'Nicholeborough'  )
;

INSERT INTO organizations
(`org_name`,`sorthand`,`postcode`,`street`,`str_number`,`city`)
VALUES
(  'Coleman Ltd' ,  'COL' ,  '86647' ,  'Clifford Hills' ,  '135' ,  'Angelaville'  )
;

INSERT INTO organizations
(`org_name`,`sorthand`,`postcode`,`street`,`str_number`,`city`)
VALUES
(  'Vega, Johnston and Ochoa' ,  'VEG' ,  '85218' ,  'Oneill Curve' ,  '105' ,  'New Lawrence'  )
;

INSERT INTO organizations
(`org_name`,`sorthand`,`postcode`,`street`,`str_number`,`city`)
VALUES
(  'Bennett-Houston' ,  'BEN' ,  '71446' ,  'Teresa Stravenue' ,  '124' ,  'Ariasburgh'  )
;

INSERT INTO research_center
(`org_name`,`apart_budget`,`private_budget`)
VALUES
(  'Cruz, Butler and Johnston' ,  '292533' ,  '64540'  )
;

INSERT INTO research_center
(`org_name`,`apart_budget`,`private_budget`)
VALUES
(  'Ingram, Kim and Dillon' ,  '174781' ,  '68373'  )
;

INSERT INTO research_center
(`org_name`,`apart_budget`,`private_budget`)
VALUES
(  'Carpenter LLC' ,  '366208' ,  '177286'  )
;

INSERT INTO research_center
(`org_name`,`apart_budget`,`private_budget`)
VALUES
(  'Hill PLC' ,  '470189' ,  '342441'  )
;

INSERT INTO research_center
(`org_name`,`apart_budget`,`private_budget`)
VALUES
(  'Butler, Moore and Carter' ,  '214078' ,  '444750'  )
;

INSERT INTO research_center
(`org_name`,`apart_budget`,`private_budget`)
VALUES
(  'Anderson PLC' ,  '310602' ,  '499498'  )
;

INSERT INTO research_center
(`org_name`,`apart_budget`,`private_budget`)
VALUES
(  'Tate-Garcia' ,  '113452' ,  '9360'  )
;

INSERT INTO research_center
(`org_name`,`apart_budget`,`private_budget`)
VALUES
(  'Jones-Lamb' ,  '376909' ,  '118969'  )
;

INSERT INTO research_center
(`org_name`,`apart_budget`,`private_budget`)
VALUES
(  'Brown Group' ,  '215499' ,  '250958'  )
;

INSERT INTO research_center
(`org_name`,`apart_budget`,`private_budget`)
VALUES
(  'Carlson, Foster and Thomas' ,  '217560' ,  '404722'  )
;

INSERT INTO company
(`org_name`,`private_fund`)
VALUES
(  'Bryant-Porter' ,  '328678'  )
;

INSERT INTO company
(`org_name`,`private_fund`)
VALUES
(  'Wilkins, Richardson and Lopez' ,  '166511'  )
;

INSERT INTO company
(`org_name`,`private_fund`)
VALUES
(  'Foster, Pena and Rogers' ,  '342056'  )
;

INSERT INTO company
(`org_name`,`private_fund`)
VALUES
(  'Hurley and Sons' ,  '407748'  )
;

INSERT INTO company
(`org_name`,`private_fund`)
VALUES
(  'Velasquez Group' ,  '243071'  )
;

INSERT INTO company
(`org_name`,`private_fund`)
VALUES
(  'Miller-Walker' ,  '187899'  )
;

INSERT INTO company
(`org_name`,`private_fund`)
VALUES
(  'Patton-Mosley' ,  '63848'  )
;

INSERT INTO company
(`org_name`,`private_fund`)
VALUES
(  'Gonzalez Ltd' ,  '343351'  )
;

INSERT INTO company
(`org_name`,`private_fund`)
VALUES
(  'Mcclain, Jones and Cobb' ,  '238302'  )
;

INSERT INTO company
(`org_name`,`private_fund`)
VALUES
(  'Solis-Hall' ,  '207209'  )
;

INSERT INTO university
(`org_name`,`apart_budget`)
VALUES
(  'Walker Inc' ,  '75407'  )
;

INSERT INTO university
(`org_name`,`apart_budget`)
VALUES
(  'Diaz, Leonard and Baker' ,  '83777'  )
;

INSERT INTO university
(`org_name`,`apart_budget`)
VALUES
(  'Gray and Sons' ,  '477204'  )
;

INSERT INTO university
(`org_name`,`apart_budget`)
VALUES
(  'Chapman, Hansen and Williams' ,  '84809'  )
;

INSERT INTO university
(`org_name`,`apart_budget`)
VALUES
(  'Foster, Clark and Ramos' ,  '290606'  )
;

INSERT INTO university
(`org_name`,`apart_budget`)
VALUES
(  'Booker, Santiago and Fox' ,  '425718'  )
;

INSERT INTO university
(`org_name`,`apart_budget`)
VALUES
(  'Livingston-Benjamin' ,  '95064'  )
;

INSERT INTO university
(`org_name`,`apart_budget`)
VALUES
(  'Coleman Ltd' ,  '438079'  )
;

INSERT INTO university
(`org_name`,`apart_budget`)
VALUES
(  'Vega, Johnston and Ochoa' ,  '349093'  )
;

INSERT INTO university
(`org_name`,`apart_budget`)
VALUES
(  'Bennett-Houston' ,  '333123'  )
;

INSERT INTO phone_number
(`phone_number`,`org_name`)
VALUES
(  '9507895400' ,  'Cruz, Butler and Johnston'  )
;

INSERT INTO phone_number
(`phone_number`,`org_name`)
VALUES
(  '6483555104' ,  'Ingram, Kim and Dillon'  )
;

INSERT INTO phone_number
(`phone_number`,`org_name`)
VALUES
(  '2525107528' ,  'Carpenter LLC'  )
;

INSERT INTO phone_number
(`phone_number`,`org_name`)
VALUES
(  '0901284844' ,  'Hill PLC'  )
;

INSERT INTO phone_number
(`phone_number`,`org_name`)
VALUES
(  '1676333348' ,  'Butler, Moore and Carter'  )
;

INSERT INTO phone_number
(`phone_number`,`org_name`)
VALUES
(  '0612799457' ,  'Anderson PLC'  )
;

INSERT INTO phone_number
(`phone_number`,`org_name`)
VALUES
(  '2560012609' ,  'Tate-Garcia'  )
;

INSERT INTO phone_number
(`phone_number`,`org_name`)
VALUES
(  '7846770131' ,  'Jones-Lamb'  )
;

INSERT INTO phone_number
(`phone_number`,`org_name`)
VALUES
(  '8066680967' ,  'Brown Group'  )
;

INSERT INTO phone_number
(`phone_number`,`org_name`)
VALUES
(  '3484403740' ,  'Carlson, Foster and Thomas'  )
;

INSERT INTO phone_number
(`phone_number`,`org_name`)
VALUES
(  '8119731135' ,  'Bryant-Porter'  )
;

INSERT INTO phone_number
(`phone_number`,`org_name`)
VALUES
(  '5974512866' ,  'Wilkins, Richardson and Lopez'  )
;

INSERT INTO phone_number
(`phone_number`,`org_name`)
VALUES
(  '6179692685' ,  'Foster, Pena and Rogers'  )
;

INSERT INTO phone_number
(`phone_number`,`org_name`)
VALUES
(  '3425987586' ,  'Hurley and Sons'  )
;

INSERT INTO phone_number
(`phone_number`,`org_name`)
VALUES
(  '8885857838' ,  'Velasquez Group'  )
;

INSERT INTO phone_number
(`phone_number`,`org_name`)
VALUES
(  '1283760135' ,  'Miller-Walker'  )
;

INSERT INTO phone_number
(`phone_number`,`org_name`)
VALUES
(  '9635092412' ,  'Patton-Mosley'  )
;

INSERT INTO phone_number
(`phone_number`,`org_name`)
VALUES
(  '5017230612' ,  'Gonzalez Ltd'  )
;

INSERT INTO phone_number
(`phone_number`,`org_name`)
VALUES
(  '6014326859' ,  'Mcclain, Jones and Cobb'  )
;

INSERT INTO phone_number
(`phone_number`,`org_name`)
VALUES
(  '9210750850' ,  'Solis-Hall'  )
;

INSERT INTO phone_number
(`phone_number`,`org_name`)
VALUES
(  '7417352364' ,  'Walker Inc'  )
;

INSERT INTO phone_number
(`phone_number`,`org_name`)
VALUES
(  '6303616565' ,  'Diaz, Leonard and Baker'  )
;

INSERT INTO phone_number
(`phone_number`,`org_name`)
VALUES
(  '1340080943' ,  'Gray and Sons'  )
;

INSERT INTO phone_number
(`phone_number`,`org_name`)
VALUES
(  '9324886568' ,  'Chapman, Hansen and Williams'  )
;

INSERT INTO phone_number
(`phone_number`,`org_name`)
VALUES
(  '5333015054' ,  'Foster, Clark and Ramos'  )
;

INSERT INTO phone_number
(`phone_number`,`org_name`)
VALUES
(  '2387784504' ,  'Booker, Santiago and Fox'  )
;

INSERT INTO phone_number
(`phone_number`,`org_name`)
VALUES
(  '0976418109' ,  'Livingston-Benjamin'  )
;

INSERT INTO phone_number
(`phone_number`,`org_name`)
VALUES
(  '3876121213' ,  'Coleman Ltd'  )
;

INSERT INTO phone_number
(`phone_number`,`org_name`)
VALUES
(  '5255245684' ,  'Vega, Johnston and Ochoa'  )
;

INSERT INTO phone_number
(`phone_number`,`org_name`)
VALUES
(  '6741051865' ,  'Bennett-Houston'  )
;

INSERT INTO phone_number
(`phone_number`,`org_name`)
VALUES
(  '9875358743' ,  'Cruz, Butler and Johnston'  )
;

INSERT INTO phone_number
(`phone_number`,`org_name`)
VALUES
(  '8790780104' ,  'Carpenter LLC'  )
;

INSERT INTO phone_number
(`phone_number`,`org_name`)
VALUES
(  '4348878824' ,  'Butler, Moore and Carter'  )
;

INSERT INTO phone_number
(`phone_number`,`org_name`)
VALUES
(  '0027543817' ,  'Tate-Garcia'  )
;

INSERT INTO phone_number
(`phone_number`,`org_name`)
VALUES
(  '2956133748' ,  'Brown Group'  )
;

INSERT INTO phone_number
(`phone_number`,`org_name`)
VALUES
(  '1279795824' ,  'Bryant-Porter'  )
;

INSERT INTO phone_number
(`phone_number`,`org_name`)
VALUES
(  '0271942144' ,  'Foster, Pena and Rogers'  )
;

INSERT INTO phone_number
(`phone_number`,`org_name`)
VALUES
(  '4294671049' ,  'Velasquez Group'  )
;

INSERT INTO phone_number
(`phone_number`,`org_name`)
VALUES
(  '8143556711' ,  'Patton-Mosley'  )
;

INSERT INTO phone_number
(`phone_number`,`org_name`)
VALUES
(  '1405732477' ,  'Mcclain, Jones and Cobb'  )
;

INSERT INTO phone_number
(`phone_number`,`org_name`)
VALUES
(  '2464353425' ,  'Walker Inc'  )
;

INSERT INTO phone_number
(`phone_number`,`org_name`)
VALUES
(  '8479234112' ,  'Gray and Sons'  )
;

INSERT INTO phone_number
(`phone_number`,`org_name`)
VALUES
(  '3114661128' ,  'Foster, Clark and Ramos'  )
;

INSERT INTO phone_number
(`phone_number`,`org_name`)
VALUES
(  '7743447566' ,  'Livingston-Benjamin'  )
;

INSERT INTO phone_number
(`phone_number`,`org_name`)
VALUES
(  '3364724518' ,  'Vega, Johnston and Ochoa'  )
;

INSERT INTO scientific_field(`field_name`)
VALUES
(  'mathematics'  )
;

INSERT INTO scientific_field(`field_name`)
VALUES
(  'physics'  )
;

INSERT INTO scientific_field(`field_name`)
VALUES
(  'chemistry'  )
;

INSERT INTO scientific_field(`field_name`)
VALUES
(  'computer science'  )
;

INSERT INTO scientific_field(`field_name`)
VALUES
(  'biological science'  )
;

INSERT INTO scientific_field(`field_name`)
VALUES
(  'neuroscience'  )
;

INSERT INTO scientific_field(`field_name`)
VALUES
(  'astrophysics'  )
;

INSERT INTO scientific_field(`field_name`)
VALUES
(  'astronomy'  )
;

INSERT INTO scientific_field(`field_name`)
VALUES
(  'archaeology'  )
;

INSERT INTO scientific_field(`field_name`)
VALUES
(  'genetics'  )
;

INSERT INTO program(`program_name`,`pr_address`)
VALUES
( 'Program agree'  , 'ELIDEK address 1'  )
;

INSERT INTO program(`program_name`,`pr_address`)
VALUES
( 'Program writer'  , 'ELIDEK address 3'  )
;

INSERT INTO program(`program_name`,`pr_address`)
VALUES
( 'Program detail'  , 'ELIDEK address 2'  )
;

INSERT INTO program(`program_name`,`pr_address`)
VALUES
( 'Program only'  , 'ELIDEK address 2'  )
;

INSERT INTO program(`program_name`,`pr_address`)
VALUES
( 'Program investment'  , 'ELIDEK address 3'  )
;

INSERT INTO program(`program_name`,`pr_address`)
VALUES
( 'Program public'  , 'ELIDEK address 4'  )
;

INSERT INTO program(`program_name`,`pr_address`)
VALUES
( 'Program their'  , 'ELIDEK address 3'  )
;

INSERT INTO program(`program_name`,`pr_address`)
VALUES
( 'Program kid'  , 'ELIDEK address 2'  )
;

INSERT INTO program(`program_name`,`pr_address`)
VALUES
( 'Program enough'  , 'ELIDEK address 4'  )
;

INSERT INTO program(`program_name`,`pr_address`)
VALUES
( 'Program out'  , 'ELIDEK address 2'  )
;

INSERT INTO program(`program_name`,`pr_address`)
VALUES
( 'Program want'  , 'ELIDEK address 2'  )
;

INSERT INTO program(`program_name`,`pr_address`)
VALUES
( 'Program buy'  , 'ELIDEK address 4'  )
;

INSERT INTO program(`program_name`,`pr_address`)
VALUES
( 'Program check'  , 'ELIDEK address 3'  )
;

INSERT INTO program(`program_name`,`pr_address`)
VALUES
( 'Program address'  , 'ELIDEK address 3'  )
;

INSERT INTO program(`program_name`,`pr_address`)
VALUES
( 'Program me'  , 'ELIDEK address 3'  )
;

INSERT INTO program(`program_name`,`pr_address`)
VALUES
( 'Program season'  , 'ELIDEK address 4'  )
;

INSERT INTO program(`program_name`,`pr_address`)
VALUES
( 'Program number'  , 'ELIDEK address 1'  )
;

INSERT INTO program(`program_name`,`pr_address`)
VALUES
( 'Program it'  , 'ELIDEK address 2'  )
;

INSERT INTO program(`program_name`,`pr_address`)
VALUES
( 'Program will'  , 'ELIDEK address 3'  )
;

INSERT INTO program(`program_name`,`pr_address`)
VALUES
( 'Program mention'  , 'ELIDEK address 1'  )
;

INSERT INTO program(`program_name`,`pr_address`)
VALUES
( 'Program week'  , 'ELIDEK address 4'  )
;

INSERT INTO program(`program_name`,`pr_address`)
VALUES
( 'Program coach'  , 'ELIDEK address 4'  )
;

INSERT INTO program(`program_name`,`pr_address`)
VALUES
( 'Program little'  , 'ELIDEK address 4'  )
;

INSERT INTO program(`program_name`,`pr_address`)
VALUES
( 'Program her'  , 'ELIDEK address 4'  )
;

INSERT INTO program(`program_name`,`pr_address`)
VALUES
( 'Program big'  , 'ELIDEK address 1'  )
;

INSERT INTO program(`program_name`,`pr_address`)
VALUES
( 'Program rest'  , 'ELIDEK address 1'  )
;

INSERT INTO program(`program_name`,`pr_address`)
VALUES
( 'Program recognize'  , 'ELIDEK address 3'  )
;

INSERT INTO program(`program_name`,`pr_address`)
VALUES
( 'Program significant'  , 'ELIDEK address 3'  )
;

INSERT INTO program(`program_name`,`pr_address`)
VALUES
( 'Program drop'  , 'ELIDEK address 2'  )
;

INSERT INTO program(`program_name`,`pr_address`)
VALUES
( 'Program behind'  , 'ELIDEK address 1'  )
;

INSERT INTO program(`program_name`,`pr_address`)
VALUES
( 'Program small'  , 'ELIDEK address 1'  )
;

INSERT INTO program(`program_name`,`pr_address`)
VALUES
( 'Program when'  , 'ELIDEK address 3'  )
;

INSERT INTO program(`program_name`,`pr_address`)
VALUES
( 'Program bill'  , 'ELIDEK address 2'  )
;

INSERT INTO program(`program_name`,`pr_address`)
VALUES
( 'Program meet'  , 'ELIDEK address 3'  )
;

INSERT INTO program(`program_name`,`pr_address`)
VALUES
( 'Program standard'  , 'ELIDEK address 3'  )
;

INSERT INTO project
(`project_title`,`grant_amount`,`starting_date`,`ending_date`,`project_abstract`,`corporate_id`,`org_name`,`researcher_id`,`field_name`,`program_name`)
VALUES
(  'Project amount' ,  '243502' ,  '2022-05-26' ,  '2029-12-06' ,  'Artist mother resource land throw thought generation.' ,  '653' ,  'Cruz, Butler and Johnston' ,  '257' ,  'mathematics'  , 'Program agree' )
;

INSERT INTO project
(`project_title`,`grant_amount`,`starting_date`,`ending_date`,`project_abstract`,`corporate_id`,`org_name`,`researcher_id`,`field_name`,`program_name`)
VALUES
(  'Project develop' ,  '441763' ,  '2006-07-04' ,  '2019-02-23' ,  'Direction media away wish ball yard. In guy artist center unit respond unit.' ,  '85' ,  'Ingram, Kim and Dillon' ,  '776' ,  'physics'  , 'Program writer' )
;

INSERT INTO project
(`project_title`,`grant_amount`,`starting_date`,`ending_date`,`project_abstract`,`corporate_id`,`org_name`,`researcher_id`,`field_name`,`program_name`)
VALUES
(  'Project affect' ,  '943414' ,  '2001-04-02' ,  '2031-12-10' ,  'Network may school worry top those research food.' ,  '979' ,  'Carpenter LLC' ,  '96' ,  'chemistry'  , 'Program detail' )
;

INSERT INTO project
(`project_title`,`grant_amount`,`starting_date`,`ending_date`,`project_abstract`,`corporate_id`,`org_name`,`researcher_id`,`field_name`,`program_name`)
VALUES
(  'Project might' ,  '216378' ,  '2017-03-26' ,  '2020-10-22' ,  'Although lead democratic marriage society explain. Woman value soldier keep me partner institution.' ,  '834' ,  'Hill PLC' ,  '39' ,  'computer science'  , 'Program only' )
;

INSERT INTO project
(`project_title`,`grant_amount`,`starting_date`,`ending_date`,`project_abstract`,`corporate_id`,`org_name`,`researcher_id`,`field_name`,`program_name`)
VALUES
(  'Project across' ,  '473346' ,  '2017-07-28' ,  '2024-04-27' ,  'Trial new visit environment. Statement at worry leave maybe.' ,  '677' ,  'Butler, Moore and Carter' ,  '382' ,  'biological science'  , 'Program investment' )
;

INSERT INTO project
(`project_title`,`grant_amount`,`starting_date`,`ending_date`,`project_abstract`,`corporate_id`,`org_name`,`researcher_id`,`field_name`,`program_name`)
VALUES
(  'Project hold' ,  '611805' ,  '2010-12-10' ,  '2021-12-21' ,  'Development land strategy action.' ,  '435' ,  'Cruz, Butler and Johnston' ,  '774' ,  'neuroscience'  , 'Program public' )
;

INSERT INTO project
(`project_title`,`grant_amount`,`starting_date`,`ending_date`,`project_abstract`,`corporate_id`,`org_name`,`researcher_id`,`field_name`,`program_name`)
VALUES
(  'Project environment' ,  '901732' ,  '2013-07-30' ,  '2030-06-06' ,  'Real act another interview cultural. Anything some action wear.' ,  '486' ,  'Ingram, Kim and Dillon' ,  '744' ,  'astrophysics'  , 'Program their' )
;

INSERT INTO project
(`project_title`,`grant_amount`,`starting_date`,`ending_date`,`project_abstract`,`corporate_id`,`org_name`,`researcher_id`,`field_name`,`program_name`)
VALUES
(  'Project enjoy' ,  '664144' ,  '2004-05-02' ,  '2020-08-15' ,  'Buy event business early any.' ,  '800' ,  'Carpenter LLC' ,  '145' ,  'astronomy'  , 'Program kid' )
;

INSERT INTO project
(`project_title`,`grant_amount`,`starting_date`,`ending_date`,`project_abstract`,`corporate_id`,`org_name`,`researcher_id`,`field_name`,`program_name`)
VALUES
(  'Project speech' ,  '881912' ,  '2005-05-18' ,  '2029-05-10' ,  'Specific throughout information bill station. With shoulder ready another here.' ,  '552' ,  'Hill PLC' ,  '370' ,  'archaeology'  , 'Program enough' )
;

INSERT INTO project
(`project_title`,`grant_amount`,`starting_date`,`ending_date`,`project_abstract`,`corporate_id`,`org_name`,`researcher_id`,`field_name`,`program_name`)
VALUES
(  'Project society' ,  '620367' ,  '2000-12-07' ,  '2024-12-01' ,  'According culture recently month write same huge. Let may her act institution.' ,  '179' ,  'Butler, Moore and Carter' ,  '883' ,  'mathematics'  , 'Program out' )
;

INSERT INTO project
(`project_title`,`grant_amount`,`starting_date`,`ending_date`,`project_abstract`,`corporate_id`,`org_name`,`researcher_id`,`field_name`,`program_name`)
VALUES
(  'Project partner' ,  '241766' ,  '2000-12-06' ,  '2023-10-23' ,  'Among responsibility part national fear team. Develop up common relationship my party wall.' ,  '850' ,  'Cruz, Butler and Johnston' ,  '565' ,  'physics'  , 'Program want' )
;

INSERT INTO project
(`project_title`,`grant_amount`,`starting_date`,`ending_date`,`project_abstract`,`corporate_id`,`org_name`,`researcher_id`,`field_name`,`program_name`)
VALUES
(  'Project field' ,  '461098' ,  '2003-12-05' ,  '2028-11-19' ,  'Garden the activity beyond often table provide. Study live me at specific.' ,  '251' ,  'Ingram, Kim and Dillon' ,  '47' ,  'chemistry'  , 'Program buy' )
;

INSERT INTO project
(`project_title`,`grant_amount`,`starting_date`,`ending_date`,`project_abstract`,`corporate_id`,`org_name`,`researcher_id`,`field_name`,`program_name`)
VALUES
(  'Project until' ,  '922058' ,  '2005-11-11' ,  '2025-03-08' ,  'Staff once individual.' ,  '581' ,  'Carpenter LLC' ,  '877' ,  'computer science'  , 'Program check' )
;

INSERT INTO project
(`project_title`,`grant_amount`,`starting_date`,`ending_date`,`project_abstract`,`corporate_id`,`org_name`,`researcher_id`,`field_name`,`program_name`)
VALUES
(  'Project man' ,  '797373' ,  '2012-06-07' ,  '2027-06-13' ,  'Dark before require.' ,  '869' ,  'Hill PLC' ,  '997' ,  'biological science'  , 'Program address' )
;

INSERT INTO project
(`project_title`,`grant_amount`,`starting_date`,`ending_date`,`project_abstract`,`corporate_id`,`org_name`,`researcher_id`,`field_name`,`program_name`)
VALUES
(  'Project to' ,  '609525' ,  '2013-04-26' ,  '2029-05-03' ,  'Become if over by.' ,  '373' ,  'Butler, Moore and Carter' ,  '526' ,  'neuroscience'  , 'Program me' )
;

INSERT INTO project
(`project_title`,`grant_amount`,`starting_date`,`ending_date`,`project_abstract`,`corporate_id`,`org_name`,`researcher_id`,`field_name`,`program_name`)
VALUES
(  'Project something' ,  '125187' ,  '2009-09-28' ,  '2030-06-28' ,  'Like single recent girl test force.' ,  '298' ,  'Cruz, Butler and Johnston' ,  '406' ,  'astrophysics'  , 'Program season' )
;

INSERT INTO project
(`project_title`,`grant_amount`,`starting_date`,`ending_date`,`project_abstract`,`corporate_id`,`org_name`,`researcher_id`,`field_name`,`program_name`)
VALUES
(  'Project bad' ,  '499236' ,  '2005-10-17' ,  '2030-06-01' ,  'Like travel perhaps guess century. Language between into culture.' ,  '166' ,  'Ingram, Kim and Dillon' ,  '538' ,  'astronomy'  , 'Program number' )
;

INSERT INTO project
(`project_title`,`grant_amount`,`starting_date`,`ending_date`,`project_abstract`,`corporate_id`,`org_name`,`researcher_id`,`field_name`,`program_name`)
VALUES
(  'Project edge' ,  '702884' ,  '2004-05-09' ,  '2030-08-10' ,  'Time deep best discover.' ,  '3' ,  'Carpenter LLC' ,  '923' ,  'archaeology'  , 'Program it' )
;

INSERT INTO project
(`project_title`,`grant_amount`,`starting_date`,`ending_date`,`project_abstract`,`corporate_id`,`org_name`,`researcher_id`,`field_name`,`program_name`)
VALUES
(  'Project summer' ,  '832065' ,  '2020-01-12' ,  '2032-04-15' ,  'Century cost alone involve child single fund little.' ,  '107' ,  'Hill PLC' ,  '844' ,  'mathematics'  , 'Program will' )
;

INSERT INTO project
(`project_title`,`grant_amount`,`starting_date`,`ending_date`,`project_abstract`,`corporate_id`,`org_name`,`researcher_id`,`field_name`,`program_name`)
VALUES
(  'Project find' ,  '716739' ,  '2013-07-08' ,  '2020-04-18' ,  'Individual recently attention military go. Operation defense also evidence technology sport.' ,  '74' ,  'Butler, Moore and Carter' ,  '676' ,  'physics'  , 'Program mention' )
;

INSERT INTO project
(`project_title`,`grant_amount`,`starting_date`,`ending_date`,`project_abstract`,`corporate_id`,`org_name`,`researcher_id`,`field_name`,`program_name`)
VALUES
(  'Project top' ,  '524262' ,  '2009-06-26' ,  '2025-08-27' ,  'Tend know with issue possible. By past here road pass.' ,  '100' ,  'Cruz, Butler and Johnston' ,  '53' ,  'chemistry'  , 'Program week' )
;

INSERT INTO project
(`project_title`,`grant_amount`,`starting_date`,`ending_date`,`project_abstract`,`corporate_id`,`org_name`,`researcher_id`,`field_name`,`program_name`)
VALUES
(  'Project great' ,  '885940' ,  '2022-01-12' ,  '2024-10-13' ,  'Loss car peace.' ,  '443' ,  'Ingram, Kim and Dillon' ,  '892' ,  'computer science'  , 'Program coach' )
;

INSERT INTO project
(`project_title`,`grant_amount`,`starting_date`,`ending_date`,`project_abstract`,`corporate_id`,`org_name`,`researcher_id`,`field_name`,`program_name`)
VALUES
(  'Project term' ,  '790111' ,  '2022-05-11' ,  '2030-06-06' ,  'Well authority year worry star dinner identify. Act himself nor receive subject head reality.' ,  '722' ,  'Carpenter LLC' ,  '933' ,  'biological science'  , 'Program little' )
;

INSERT INTO project
(`project_title`,`grant_amount`,`starting_date`,`ending_date`,`project_abstract`,`corporate_id`,`org_name`,`researcher_id`,`field_name`,`program_name`)
VALUES
(  'Project six' ,  '222242' ,  '2020-11-04' ,  '2028-01-23' ,  'Movie reflect painting agree. Natural beyond across rather likely year.' ,  '204' ,  'Hill PLC' ,  '671' ,  'neuroscience'  , 'Program her' )
;

INSERT INTO project
(`project_title`,`grant_amount`,`starting_date`,`ending_date`,`project_abstract`,`corporate_id`,`org_name`,`researcher_id`,`field_name`,`program_name`)
VALUES
(  'Project daughter' ,  '446526' ,  '2014-12-02' ,  '2030-07-06' ,  'News pass community situation. Address allow doctor agree dinner without officer.' ,  '823' ,  'Butler, Moore and Carter' ,  '688' ,  'astrophysics'  , 'Program big' )
;

INSERT INTO project
(`project_title`,`grant_amount`,`starting_date`,`ending_date`,`project_abstract`,`corporate_id`,`org_name`,`researcher_id`,`field_name`,`program_name`)
VALUES
(  'Project development' ,  '242427' ,  '2011-10-26' ,  '2025-07-22' ,  'Step idea leader safe threat capital religious accept.' ,  '417' ,  'Cruz, Butler and Johnston' ,  '615' ,  'astronomy'  , 'Program rest' )
;

INSERT INTO project
(`project_title`,`grant_amount`,`starting_date`,`ending_date`,`project_abstract`,`corporate_id`,`org_name`,`researcher_id`,`field_name`,`program_name`)
VALUES
(  'Project food' ,  '422192' ,  '2021-03-13' ,  '2030-01-03' ,  'Human nation ball. May decide challenge discuss amount child.' ,  '862' ,  'Ingram, Kim and Dillon' ,  '912' ,  'archaeology'  , 'Program recognize' )
;

INSERT INTO project
(`project_title`,`grant_amount`,`starting_date`,`ending_date`,`project_abstract`,`corporate_id`,`org_name`,`researcher_id`,`field_name`,`program_name`)
VALUES
(  'Project guy' ,  '665611' ,  '2004-03-27' ,  '2023-01-29' ,  'Pressure month total choose enough kitchen. Question performance turn ten senior image address.' ,  '831' ,  'Carpenter LLC' ,  '663' ,  'mathematics'  , 'Program significant' )
;

INSERT INTO project
(`project_title`,`grant_amount`,`starting_date`,`ending_date`,`project_abstract`,`corporate_id`,`org_name`,`researcher_id`,`field_name`,`program_name`)
VALUES
(  'Project deal' ,  '618831' ,  '2022-04-18' ,  '2031-07-05' ,  'Method source add agency rate natural people. Nice family find two.' ,  '539' ,  'Hill PLC' ,  '319' ,  'physics'  , 'Program drop' )
;

INSERT INTO project
(`project_title`,`grant_amount`,`starting_date`,`ending_date`,`project_abstract`,`corporate_id`,`org_name`,`researcher_id`,`field_name`,`program_name`)
VALUES
(  'Project car' ,  '365453' ,  '2018-10-24' ,  '2031-05-18' ,  'Rise strategy pay no listen worker natural central. Recent kid alone how.' ,  '242' ,  'Butler, Moore and Carter' ,  '611' ,  'chemistry'  , 'Program behind' )
;

INSERT INTO project
(`project_title`,`grant_amount`,`starting_date`,`ending_date`,`project_abstract`,`corporate_id`,`org_name`,`researcher_id`,`field_name`,`program_name`)
VALUES
(  'Project difficult' ,  '903024' ,  '2006-05-13' ,  '2020-06-21' ,  'Design such find free billion have author. Better lose owner show task.' ,  '233' ,  'Cruz, Butler and Johnston' ,  '660' ,  'computer science'  , 'Program small' )
;

INSERT INTO project
(`project_title`,`grant_amount`,`starting_date`,`ending_date`,`project_abstract`,`corporate_id`,`org_name`,`researcher_id`,`field_name`,`program_name`)
VALUES
(  'Project human' ,  '651866' ,  '2002-10-02' ,  '2031-06-26' ,  'Garden win mind spring compare.' ,  '618' ,  'Ingram, Kim and Dillon' ,  '805' ,  'biological science'  , 'Program when' )
;

INSERT INTO project
(`project_title`,`grant_amount`,`starting_date`,`ending_date`,`project_abstract`,`corporate_id`,`org_name`,`researcher_id`,`field_name`,`program_name`)
VALUES
(  'Project tree' ,  '983709' ,  '2009-02-03' ,  '2024-12-26' ,  'Activity much so defense. Although president offer.' ,  '942' ,  'Carpenter LLC' ,  '480' ,  'neuroscience'  , 'Program bill' )
;

INSERT INTO project
(`project_title`,`grant_amount`,`starting_date`,`ending_date`,`project_abstract`,`corporate_id`,`org_name`,`researcher_id`,`field_name`,`program_name`)
VALUES
(  'Project task' ,  '377638' ,  '2005-01-19' ,  '2020-07-20' ,  'Tell suffer notice feeling section.' ,  '926' ,  'Hill PLC' ,  '846' ,  'astrophysics'  , 'Program meet' )
;

INSERT INTO project
(`project_title`,`grant_amount`,`starting_date`,`ending_date`,`project_abstract`,`corporate_id`,`org_name`,`researcher_id`,`field_name`,`program_name`)
VALUES
(  'Project section' ,  '146701' ,  '2011-02-21' ,  '2025-08-09' ,  'Research benefit realize material in nation security.' ,  '360' ,  'Butler, Moore and Carter' ,  '770' ,  'astronomy'  , 'Program standard' )
;

INSERT INTO project
(`project_title`,`grant_amount`,`starting_date`,`ending_date`,`project_abstract`,`corporate_id`,`org_name`,`researcher_id`,`field_name`,`program_name`)
VALUES
(  'Project fish' ,  '293130' ,  '2011-12-04' ,  '2022-02-27' ,  'Drug much few simple project admit. Community see natural staff.' ,  '653' ,  'Cruz, Butler and Johnston' ,  '521' ,  'archaeology'  , 'Program agree' )
;

INSERT INTO project
(`project_title`,`grant_amount`,`starting_date`,`ending_date`,`project_abstract`,`corporate_id`,`org_name`,`researcher_id`,`field_name`,`program_name`)
VALUES
(  'Project party' ,  '222486' ,  '2012-10-17' ,  '2027-11-04' ,  'Find three generation head watch even central growth.' ,  '85' ,  'Ingram, Kim and Dillon' ,  '207' ,  'mathematics'  , 'Program writer' )
;

INSERT INTO project
(`project_title`,`grant_amount`,`starting_date`,`ending_date`,`project_abstract`,`corporate_id`,`org_name`,`researcher_id`,`field_name`,`program_name`)
VALUES
(  'Project market' ,  '582068' ,  '2000-12-06' ,  '2023-03-17' ,  'Commercial own return expert style yes expect.' ,  '979' ,  'Carpenter LLC' ,  '149' ,  'physics'  , 'Program detail' )
;

INSERT INTO project
(`project_title`,`grant_amount`,`starting_date`,`ending_date`,`project_abstract`,`corporate_id`,`org_name`,`researcher_id`,`field_name`,`program_name`)
VALUES
(  'Project feel' ,  '542054' ,  '2011-03-06' ,  '2023-03-11' ,  'Plan course wide address. Civil high go surface old summer significant.' ,  '834' ,  'Hill PLC' ,  '263' ,  'chemistry'  , 'Program only' )
;

INSERT INTO project
(`project_title`,`grant_amount`,`starting_date`,`ending_date`,`project_abstract`,`corporate_id`,`org_name`,`researcher_id`,`field_name`,`program_name`)
VALUES
(  'Project middle' ,  '144217' ,  '2007-03-22' ,  '2026-07-19' ,  'Music actually others president weight protect.' ,  '677' ,  'Butler, Moore and Carter' ,  '500' ,  'computer science'  , 'Program investment' )
;

INSERT INTO project
(`project_title`,`grant_amount`,`starting_date`,`ending_date`,`project_abstract`,`corporate_id`,`org_name`,`researcher_id`,`field_name`,`program_name`)
VALUES
(  'Project give' ,  '748861' ,  '2000-08-05' ,  '2025-03-13' ,  'Rather suggest shake walk outside meet however. During look cell bank.' ,  '435' ,  'Cruz, Butler and Johnston' ,  '958' ,  'biological science'  , 'Program public' )
;

INSERT INTO project
(`project_title`,`grant_amount`,`starting_date`,`ending_date`,`project_abstract`,`corporate_id`,`org_name`,`researcher_id`,`field_name`,`program_name`)
VALUES
(  'Project degree' ,  '536143' ,  '2006-01-12' ,  '2025-04-22' ,  'Market level particularly return thank.' ,  '486' ,  'Ingram, Kim and Dillon' ,  '158' ,  'neuroscience'  , 'Program their' )
;

INSERT INTO project
(`project_title`,`grant_amount`,`starting_date`,`ending_date`,`project_abstract`,`corporate_id`,`org_name`,`researcher_id`,`field_name`,`program_name`)
VALUES
(  'Project bed' ,  '554385' ,  '2013-01-05' ,  '2032-03-16' ,  'Return job week mouth green own small.' ,  '800' ,  'Carpenter LLC' ,  '110' ,  'astrophysics'  , 'Program kid' )
;

INSERT INTO project
(`project_title`,`grant_amount`,`starting_date`,`ending_date`,`project_abstract`,`corporate_id`,`org_name`,`researcher_id`,`field_name`,`program_name`)
VALUES
(  'Project operation' ,  '569588' ,  '2004-10-28' ,  '2031-12-06' ,  'Stock specific ok suffer box dinner car town.' ,  '552' ,  'Hill PLC' ,  '905' ,  'astronomy'  , 'Program enough' )
;

INSERT INTO project
(`project_title`,`grant_amount`,`starting_date`,`ending_date`,`project_abstract`,`corporate_id`,`org_name`,`researcher_id`,`field_name`,`program_name`)
VALUES
(  'Project learn' ,  '926603' ,  '2020-10-15' ,  '2032-01-21' ,  'Activity not worry administration letter require president become. Moment ahead eat magazine win.' ,  '179' ,  'Butler, Moore and Carter' ,  '7' ,  'archaeology'  , 'Program out' )
;

INSERT INTO project
(`project_title`,`grant_amount`,`starting_date`,`ending_date`,`project_abstract`,`corporate_id`,`org_name`,`researcher_id`,`field_name`,`program_name`)
VALUES
(  'Project year' ,  '767060' ,  '2019-05-04' ,  '2028-08-21' ,  'Before claim dream accept ask anything. Suffer use friend carry lay kid song.' ,  '850' ,  'Cruz, Butler and Johnston' ,  '51' ,  'mathematics'  , 'Program want' )
;

INSERT INTO project
(`project_title`,`grant_amount`,`starting_date`,`ending_date`,`project_abstract`,`corporate_id`,`org_name`,`researcher_id`,`field_name`,`program_name`)
VALUES
(  'Project but' ,  '380490' ,  '2018-03-26' ,  '2029-10-14' ,  'Difficult particularly bed set loss. Whatever visit just would minute who make.' ,  '251' ,  'Ingram, Kim and Dillon' ,  '730' ,  'physics'  , 'Program buy' )
;

INSERT INTO project
(`project_title`,`grant_amount`,`starting_date`,`ending_date`,`project_abstract`,`corporate_id`,`org_name`,`researcher_id`,`field_name`,`program_name`)
VALUES
(  'Project cover' ,  '619377' ,  '2016-08-07' ,  '2020-07-20' ,  'Collection company couple defense return. Arm try finish court range.' ,  '581' ,  'Carpenter LLC' ,  '638' ,  'chemistry'  , 'Program check' )
;

INSERT INTO project
(`project_title`,`grant_amount`,`starting_date`,`ending_date`,`project_abstract`,`corporate_id`,`org_name`,`researcher_id`,`field_name`,`program_name`)
VALUES
(  'Project level' ,  '660298' ,  '2015-07-05' ,  '2028-10-17' ,  'Sometimes husband cause great.' ,  '869' ,  'Hill PLC' ,  '808' ,  'computer science'  , 'Program address' )
;

INSERT INTO project
(`project_title`,`grant_amount`,`starting_date`,`ending_date`,`project_abstract`,`corporate_id`,`org_name`,`researcher_id`,`field_name`,`program_name`)
VALUES
(  'Project store' ,  '867036' ,  '2018-01-03' ,  '2021-12-23' ,  'Remember particularly which employee should dinner every.' ,  '373' ,  'Butler, Moore and Carter' ,  '839' ,  'biological science'  , 'Program me' )
;

INSERT INTO project
(`project_title`,`grant_amount`,`starting_date`,`ending_date`,`project_abstract`,`corporate_id`,`org_name`,`researcher_id`,`field_name`,`program_name`)
VALUES
('Project amount' ,  '243502' ,  '2022-05-26' ,  '2029-12-06' ,  'Artist mother resource land throw thought generation.' ,  '653' ,  'Cruz, Butler and Johnston' ,  '551' ,  'mathematics'  , 'Program agree' )
;

INSERT INTO project
(`project_title`,`grant_amount`,`starting_date`,`ending_date`,`project_abstract`,`corporate_id`,`org_name`,`researcher_id`,`field_name`,`program_name`)
VALUES
(  'Project affect' ,  '943414' ,  '2001-04-02' ,  '2031-12-10' ,  'Network may school worry top those research food.' ,  '979' ,  'Carpenter LLC' ,  '140' ,  'chemistry'  , 'Program detail' )
;

INSERT INTO project
(`project_title`,`grant_amount`,`starting_date`,`ending_date`,`project_abstract`,`corporate_id`,`org_name`,`researcher_id`,`field_name`,`program_name`)
VALUES
(  'Project across' ,  '473346' ,  '2017-07-28' ,  '2024-04-27' ,  'Trial new visit environment. Statement at worry leave maybe.' ,  '677' ,  'Butler, Moore and Carter' ,  '929' ,  'biological science'  , 'Program investment' )
;

INSERT INTO project
(`project_title`,`grant_amount`,`starting_date`,`ending_date`,`project_abstract`,`corporate_id`,`org_name`,`researcher_id`,`field_name`,`program_name`)
VALUES
(  'Project environment' ,  '901732' ,  '2013-07-30' ,  '2030-06-06' ,  'Real act another interview cultural. Anything some action wear.' ,  '486' ,  'Ingram, Kim and Dillon' ,  '876' ,  'astrophysics'  , 'Program their' )
;

INSERT INTO project
(`project_title`,`grant_amount`,`starting_date`,`ending_date`,`project_abstract`,`corporate_id`,`org_name`,`researcher_id`,`field_name`,`program_name`)
VALUES
(  'Project speech' ,  '881912' ,  '2005-05-18' ,  '2029-05-10' ,  'Specific throughout information bill station. With shoulder ready another here.' ,  '552' ,  'Hill PLC' ,  '399' ,  'archaeology'  , 'Program enough' )
;

INSERT INTO project
(`project_title`,`grant_amount`,`starting_date`,`ending_date`,`project_abstract`,`corporate_id`,`org_name`,`researcher_id`,`field_name`,`program_name`)
VALUES
(  'Project partner' ,  '241766' ,  '2000-12-06' ,  '2023-10-23' ,  'Among responsibility part national fear team. Develop up common relationship my party wall.' ,  '850' ,  'Cruz, Butler and Johnston' ,  '337' ,  'physics'  , 'Program want' )
;

INSERT INTO project
(`project_title`,`grant_amount`,`starting_date`,`ending_date`,`project_abstract`,`corporate_id`,`org_name`,`researcher_id`,`field_name`,`program_name`)
VALUES
(  'Project until' ,  '922058' ,  '2005-11-11' ,  '2025-03-08' ,  'Staff once individual.' ,  '581' ,  'Carpenter LLC' ,  '197' ,  'computer science'  , 'Program check' )
;

INSERT INTO project
(`project_title`,`grant_amount`,`starting_date`,`ending_date`,`project_abstract`,`corporate_id`,`org_name`,`researcher_id`,`field_name`,`program_name`)
VALUES
(  'Project to' ,  '609525' ,  '2013-04-26' ,  '2029-05-03' ,  'Become if over by.' ,  '373' ,  'Butler, Moore and Carter' ,  '453' ,  'neuroscience'  , 'Program me' )
;

INSERT INTO project
(`project_title`,`grant_amount`,`starting_date`,`ending_date`,`project_abstract`,`corporate_id`,`org_name`,`researcher_id`,`field_name`,`program_name`)
VALUES
( 'Project bad' ,  '499236' ,  '2021-10-17' ,  '2030-06-01' ,  'Like travel perhaps guess century. Language between into culture.' ,  '166' ,  'Ingram, Kim and Dillon' ,  '901' ,  'astronomy'  , 'Program number' )
;

INSERT INTO project
(`project_title`,`grant_amount`,`starting_date`,`ending_date`,`project_abstract`,`corporate_id`,`org_name`,`researcher_id`,`field_name`,`program_name`)
VALUES
(  'Project summer' ,  '832065' ,  '2020-01-12' ,  '2032-04-15' ,  'Century cost alone involve child single fund little.' ,  '107' ,  'Hill PLC' ,  '221' ,  'mathematics'  , 'Program will' )
;

INSERT INTO project
(`project_title`,`grant_amount`,`starting_date`,`ending_date`,`project_abstract`,`corporate_id`,`org_name`,`researcher_id`,`field_name`,`program_name`)
VALUES
(  'Project top' ,  '524262' ,  '2009-06-26' ,  '2025-08-27' ,  'Tend know with issue possible. By past here road pass.' ,  '100' ,  'Cruz, Butler and Johnston' ,  '71' ,  'chemistry'  , 'Program week' )
;

INSERT INTO project
(`project_title`,`grant_amount`,`starting_date`,`ending_date`,`project_abstract`,`corporate_id`,`org_name`,`researcher_id`,`field_name`,`program_name`)
VALUES
(  'Project term' ,  '790111' ,  '2012-05-11' ,  '2030-06-06' ,  'Well authority year worry star dinner identify. Act himself nor receive subject head reality.' ,  '722' ,  'Carpenter LLC' ,  '858' ,  'biological science'  , 'Program little' )
;

INSERT INTO project
(`project_title`,`grant_amount`,`starting_date`,`ending_date`,`project_abstract`,`corporate_id`,`org_name`,`researcher_id`,`field_name`,`program_name`)
VALUES
(  'Project daughter' ,  '446526' ,  '2014-12-02' ,  '2030-07-06' ,  'News pass community situation. Address allow doctor agree dinner without officer.' ,  '823' ,  'Butler, Moore and Carter' ,  '182' ,  'astrophysics'  , 'Program big' )
;

INSERT INTO project
(`project_title`,`grant_amount`,`starting_date`,`ending_date`,`project_abstract`,`corporate_id`,`org_name`,`researcher_id`,`field_name`,`program_name`)
VALUES
(  'Project food' ,  '422192' ,  '2003-03-13' ,  '2030-01-03' ,  'Human nation ball. May decide challenge discuss amount child.' ,  '862' ,  'Ingram, Kim and Dillon' ,  '807' ,  'archaeology'  , 'Program recognize' )
;

INSERT INTO project
(`project_title`,`grant_amount`,`starting_date`,`ending_date`,`project_abstract`,`corporate_id`,`org_name`,`researcher_id`,`field_name`,`program_name`)
VALUES
(  'Project deal' ,  '618831' ,  '2010-04-18' ,  '2031-07-05' ,  'Method source add agency rate natural people. Nice family find two.' ,  '539' ,  'Hill PLC' ,  '735' ,  'physics'  , 'Program drop' )
;

INSERT INTO project
(`project_title`,`grant_amount`,`starting_date`,`ending_date`,`project_abstract`,`corporate_id`,`org_name`,`researcher_id`,`field_name`,`program_name`)
VALUES
(  'Project difficult' ,  '903024' ,  '2006-05-13' ,  '2020-06-21' ,  'Design such find free billion have author. Better lose owner show task.' ,  '233' ,  'Cruz, Butler and Johnston' ,  '481' ,  'computer science'  , 'Program small' )
;

INSERT INTO project
(`project_title`,`grant_amount`,`starting_date`,`ending_date`,`project_abstract`,`corporate_id`,`org_name`,`researcher_id`,`field_name`,`program_name`)
VALUES
(  'Project tree' ,  '983709' ,  '2009-02-03' ,  '2024-12-26' ,  'Activity much so defense. Although president offer.' ,  '942' ,  'Carpenter LLC' ,  '762' ,  'neuroscience'  , 'Program bill' )
;

INSERT INTO project
(`project_title`,`grant_amount`,`starting_date`,`ending_date`,`project_abstract`,`corporate_id`,`org_name`,`researcher_id`,`field_name`,`program_name`)
VALUES
(  'Project section' ,  '146701' ,  '2011-02-21' ,  '2025-08-09' ,  'Research benefit realize material in nation security.' ,  '360' ,  'Butler, Moore and Carter' ,  '471' ,  'astronomy'  , 'Program standard' )
;

INSERT INTO project
(`project_title`,`grant_amount`,`starting_date`,`ending_date`,`project_abstract`,`corporate_id`,`org_name`,`researcher_id`,`field_name`,`program_name`)
VALUES
(  'Project party' ,  '222486' ,  '2012-10-17' ,  '2027-11-04' ,  'Find three generation head watch even central growth.' ,  '85' ,  'Ingram, Kim and Dillon' ,  '941' ,  'mathematics'  , 'Program writer' )
;

INSERT INTO project
(`project_title`,`grant_amount`,`starting_date`,`ending_date`,`project_abstract`,`corporate_id`,`org_name`,`researcher_id`,`field_name`,`program_name`)
VALUES
(  'Project feel' ,  '542054' ,  '2011-03-06' ,  '2023-03-11' ,  'Plan course wide address. Civil high go surface old summer significant.' ,  '834' ,  'Hill PLC' ,  '175' ,  'chemistry'  , 'Program only' )
;

INSERT INTO project
(`project_title`,`grant_amount`,`starting_date`,`ending_date`,`project_abstract`,`corporate_id`,`org_name`,`researcher_id`,`field_name`,`program_name`)
VALUES
( 'Project give' ,  '748861' ,  '2022-08-05' ,  '2025-03-13' ,  'Rather suggest shake walk outside meet however. During look cell bank.' ,  '435' ,  'Cruz, Butler and Johnston' ,  '913' ,  'biological science'  , 'Program public' )
;

INSERT INTO project
(`project_title`,`grant_amount`,`starting_date`,`ending_date`,`project_abstract`,`corporate_id`,`org_name`,`researcher_id`,`field_name`,`program_name`)
VALUES
(  'Project bed' ,  '554385' ,  '2013-01-05' ,  '2032-03-16' ,  'Return job week mouth green own small.' ,  '800' ,  'Carpenter LLC' ,  '977' ,  'astrophysics'  , 'Program kid' )
;

INSERT INTO project
(`project_title`,`grant_amount`,`starting_date`,`ending_date`,`project_abstract`,`corporate_id`,`org_name`,`researcher_id`,`field_name`,`program_name`)
VALUES
(  'Project learn' ,  '926603' ,  '2020-10-15' ,  '2032-01-21' ,  'Activity not worry administration letter require president become. Moment ahead eat magazine win.' ,  '179' ,  'Butler, Moore and Carter' ,  '668' ,  'archaeology'  , 'Program out' )
;

INSERT INTO project
(`project_title`,`grant_amount`,`starting_date`,`ending_date`,`project_abstract`,`corporate_id`,`org_name`,`researcher_id`,`field_name`,`program_name`)
VALUES
(  'Project but' ,  '380490' ,  '2018-03-26' ,  '2029-10-14' ,  'Difficult particularly bed set loss. Whatever visit just would minute who make.' ,  '251' ,  'Ingram, Kim and Dillon' ,  '925' ,  'physics'  , 'Program buy' )
;

INSERT INTO project
(`project_title`,`grant_amount`,`starting_date`,`ending_date`,`project_abstract`,`corporate_id`,`org_name`,`researcher_id`,`field_name`,`program_name`)
VALUES
(  'Project level' ,  '660298' ,  '2022-07-05' ,  '2028-10-17' ,  'Sometimes husband cause great.' ,  '869' ,  'Hill PLC' ,  '749' ,  'computer science'  , 'Program address' )
;

INSERT INTO critique(`cr_title`,`grade`,`cr_date`,`project_title`)
VALUES
(  'Project amount Critique ' ,  '10' ,  '2019-09-18' ,  'Project amount' )
;

INSERT INTO critique(`cr_title`,`grade`,`cr_date`,`project_title`)
VALUES
(  'Project develop Critique ' ,  '3' ,  '1973-04-08' ,  'Project develop' )
;

INSERT INTO critique(`cr_title`,`grade`,`cr_date`,`project_title`)
VALUES
(  'Project affect Critique ' ,  '1' ,  '1997-01-29' ,  'Project affect' )
;

INSERT INTO critique(`cr_title`,`grade`,`cr_date`,`project_title`)
VALUES
(  'Project might Critique ' ,  '7' ,  '2003-10-20' ,  'Project might' )
;

INSERT INTO critique(`cr_title`,`grade`,`cr_date`,`project_title`)
VALUES
(  'Project across Critique ' ,  '8' ,  '2001-12-12' ,  'Project across' )
;

INSERT INTO critique(`cr_title`,`grade`,`cr_date`,`project_title`)
VALUES
(  'Project hold Critique ' ,  '4' ,  '2008-10-08' ,  'Project hold' )
;

INSERT INTO critique(`cr_title`,`grade`,`cr_date`,`project_title`)
VALUES
(  'Project environment Critique ' ,  '7' ,  '1984-12-10' ,  'Project environment' )
;

INSERT INTO critique(`cr_title`,`grade`,`cr_date`,`project_title`)
VALUES
(  'Project enjoy Critique ' ,  '2' ,  '2000-04-22' ,  'Project enjoy' )
;

INSERT INTO critique(`cr_title`,`grade`,`cr_date`,`project_title`)
VALUES
(  'Project speech Critique ' ,  '2' ,  '1983-07-01' ,  'Project speech' )
;

INSERT INTO critique(`cr_title`,`grade`,`cr_date`,`project_title`)
VALUES
(  'Project society Critique ' ,  '9' ,  '1995-01-07' ,  'Project society' )
;

INSERT INTO critique(`cr_title`,`grade`,`cr_date`,`project_title`)
VALUES
(  'Project partner Critique ' ,  '5' ,  '1981-12-05' ,  'Project partner' )
;

INSERT INTO critique(`cr_title`,`grade`,`cr_date`,`project_title`)
VALUES
(  'Project field Critique ' ,  '4' ,  '1983-03-05' ,  'Project field' )
;

INSERT INTO critique(`cr_title`,`grade`,`cr_date`,`project_title`)
VALUES
(  'Project until Critique ' ,  '7' ,  '1976-04-01' ,  'Project until' )
;

INSERT INTO critique(`cr_title`,`grade`,`cr_date`,`project_title`)
VALUES
(  'Project man Critique ' ,  '6' ,  '1997-06-01' ,  'Project man' )
;

INSERT INTO critique(`cr_title`,`grade`,`cr_date`,`project_title`)
VALUES
(  'Project to Critique ' ,  '2' ,  '1993-04-29' ,  'Project to' )
;

INSERT INTO critique(`cr_title`,`grade`,`cr_date`,`project_title`)
VALUES
(  'Project something Critique ' ,  '2' ,  '2003-06-26' ,  'Project something' )
;

INSERT INTO critique(`cr_title`,`grade`,`cr_date`,`project_title`)
VALUES
(  'Project bad Critique ' ,  '6' ,  '1997-04-03' ,  'Project bad' )
;

INSERT INTO critique(`cr_title`,`grade`,`cr_date`,`project_title`)
VALUES
(  'Project edge Critique ' ,  '10' ,  '2011-10-03' ,  'Project edge' )
;

INSERT INTO critique(`cr_title`,`grade`,`cr_date`,`project_title`)
VALUES
(  'Project summer Critique ' ,  '10' ,  '2021-12-04' ,  'Project summer' )
;

INSERT INTO critique(`cr_title`,`grade`,`cr_date`,`project_title`)
VALUES
(  'Project find Critique ' ,  '1' ,  '1973-04-23' ,  'Project find' )
;

INSERT INTO critique(`cr_title`,`grade`,`cr_date`,`project_title`)
VALUES
(  'Project top Critique ' ,  '6' ,  '2017-10-29' ,  'Project top' )
;

INSERT INTO critique(`cr_title`,`grade`,`cr_date`,`project_title`)
VALUES
(  'Project great Critique ' ,  '4' ,  '1991-10-30' ,  'Project great' )
;

INSERT INTO critique(`cr_title`,`grade`,`cr_date`,`project_title`)
VALUES
(  'Project term Critique ' ,  '6' ,  '2002-10-05' ,  'Project term' )
;

INSERT INTO critique(`cr_title`,`grade`,`cr_date`,`project_title`)
VALUES
(  'Project six Critique ' ,  '4' ,  '2009-01-19' ,  'Project six' )
;

INSERT INTO critique(`cr_title`,`grade`,`cr_date`,`project_title`)
VALUES
(  'Project daughter Critique ' ,  '2' ,  '2000-03-08' ,  'Project daughter' )
;

INSERT INTO critique(`cr_title`,`grade`,`cr_date`,`project_title`)
VALUES
(  'Project development Critique ' ,  '4' ,  '1977-04-23' ,  'Project development' )
;

INSERT INTO critique(`cr_title`,`grade`,`cr_date`,`project_title`)
VALUES
(  'Project food Critique ' ,  '8' ,  '1985-12-19' ,  'Project food' )
;

INSERT INTO critique(`cr_title`,`grade`,`cr_date`,`project_title`)
VALUES
(  'Project guy Critique ' ,  '5' ,  '2002-12-10' ,  'Project guy' )
;

INSERT INTO critique(`cr_title`,`grade`,`cr_date`,`project_title`)
VALUES
(  'Project deal Critique ' ,  '1' ,  '1998-11-12' ,  'Project deal' )
;

INSERT INTO critique(`cr_title`,`grade`,`cr_date`,`project_title`)
VALUES
(  'Project car Critique ' ,  '5' ,  '1973-12-21' ,  'Project car' )
;

INSERT INTO critique(`cr_title`,`grade`,`cr_date`,`project_title`)
VALUES
(  'Project difficult Critique ' ,  '3' ,  '1974-09-26' ,  'Project difficult' )
;

INSERT INTO critique(`cr_title`,`grade`,`cr_date`,`project_title`)
VALUES
(  'Project human Critique ' ,  '9' ,  '1984-04-18' ,  'Project human' )
;

INSERT INTO critique(`cr_title`,`grade`,`cr_date`,`project_title`)
VALUES
(  'Project tree Critique ' ,  '9' ,  '2020-07-06' ,  'Project tree' )
;

INSERT INTO critique(`cr_title`,`grade`,`cr_date`,`project_title`)
VALUES
(  'Project task Critique ' ,  '1' ,  '1991-07-04' ,  'Project task' )
;

INSERT INTO critique(`cr_title`,`grade`,`cr_date`,`project_title`)
VALUES
(  'Project section Critique ' ,  '8' ,  '2015-06-18' ,  'Project section' )
;

INSERT INTO critique(`cr_title`,`grade`,`cr_date`,`project_title`)
VALUES
(  'Project fish Critique ' ,  '2' ,  '1992-04-02' ,  'Project fish' )
;

INSERT INTO critique(`cr_title`,`grade`,`cr_date`,`project_title`)
VALUES
(  'Project party Critique ' ,  '8' ,  '2021-05-11' ,  'Project party' )
;

INSERT INTO critique(`cr_title`,`grade`,`cr_date`,`project_title`)
VALUES
(  'Project market Critique ' ,  '8' ,  '1993-12-02' ,  'Project market' )
;

INSERT INTO critique(`cr_title`,`grade`,`cr_date`,`project_title`)
VALUES
(  'Project feel Critique ' ,  '1' ,  '2004-07-30' ,  'Project feel' )
;

INSERT INTO critique(`cr_title`,`grade`,`cr_date`,`project_title`)
VALUES
(  'Project middle Critique ' ,  '3' ,  '2021-04-06' ,  'Project middle' )
;

INSERT INTO critique(`cr_title`,`grade`,`cr_date`,`project_title`)
VALUES
(  'Project give Critique ' ,  '5' ,  '1970-06-27' ,  'Project give' )
;

INSERT INTO critique(`cr_title`,`grade`,`cr_date`,`project_title`)
VALUES
(  'Project degree Critique ' ,  '3' ,  '1974-03-10' ,  'Project degree' )
;

INSERT INTO critique(`cr_title`,`grade`,`cr_date`,`project_title`)
VALUES
(  'Project bed Critique ' ,  '3' ,  '2007-09-27' ,  'Project bed' )
;

INSERT INTO critique(`cr_title`,`grade`,`cr_date`,`project_title`)
VALUES
(  'Project operation Critique ' ,  '8' ,  '1988-04-17' ,  'Project operation' )
;

INSERT INTO critique(`cr_title`,`grade`,`cr_date`,`project_title`)
VALUES
(  'Project learn Critique ' ,  '4' ,  '1991-12-15' ,  'Project learn' )
;

INSERT INTO critique(`cr_title`,`grade`,`cr_date`,`project_title`)
VALUES
(  'Project year Critique ' ,  '2' ,  '1980-03-09' ,  'Project year' )
;

INSERT INTO critique(`cr_title`,`grade`,`cr_date`,`project_title`)
VALUES
(  'Project but Critique ' ,  '3' ,  '2007-01-08' ,  'Project but' )
;

INSERT INTO critique(`cr_title`,`grade`,`cr_date`,`project_title`)
VALUES
(  'Project cover Critique ' ,  '3' ,  '1984-02-28' ,  'Project cover' )
;

INSERT INTO critique(`cr_title`,`grade`,`cr_date`,`project_title`)
VALUES
(  'Project level Critique ' ,  '4' ,  '1987-03-07' ,  'Project level' )
;

INSERT INTO critique(`cr_title`,`grade`,`cr_date`,`project_title`)
VALUES
(  'Project store Critique ' ,  '9' ,  '1978-09-16' ,  'Project store' )
;

INSERT INTO report(`report_title`,`report_abstract`,`report_date`,`project_title`)
VALUES
(  'Project amount Report ' ,  'Break special yourself effect tough or improve. Leader on step sign record.' ,  '2013-07-02' ,  'Project amount' )
;

INSERT INTO report(`report_title`,`report_abstract`,`report_date`,`project_title`)
VALUES
(  'Project might Report ' ,  'Agent prove ago five yourself not thing.' ,  '2010-07-29' ,  'Project might' )
;

INSERT INTO report(`report_title`,`report_abstract`,`report_date`,`project_title`)
VALUES
(  'Project environment Report ' ,  'Amount majority size another cover describe student.' ,  '2012-06-21' ,  'Project environment' )
;

INSERT INTO report(`report_title`,`report_abstract`,`report_date`,`project_title`)
VALUES
(  'Project society Report ' ,  'Understand very bring indeed next blood run enter.' ,  '2007-06-19' ,  'Project society' )
;

INSERT INTO report(`report_title`,`report_abstract`,`report_date`,`project_title`)
VALUES
(  'Project until Report ' ,  'Difference ground nearly that kid bar. List past call.' ,  '1980-04-09' ,  'Project until' )
;

INSERT INTO report(`report_title`,`report_abstract`,`report_date`,`project_title`)
VALUES
(  'Project something Report ' ,  'Official reality look at doctor business.' ,  '1999-09-15' ,  'Project something' )
;

INSERT INTO report(`report_title`,`report_abstract`,`report_date`,`project_title`)
VALUES
(  'Project summer Report ' ,  'Smile maintain figure help painting form two.' ,  '2000-09-18' ,  'Project summer' )
;

INSERT INTO report(`report_title`,`report_abstract`,`report_date`,`project_title`)
VALUES
(  'Project great Report ' ,  'Growth act instead speak.' ,  '2015-11-22' ,  'Project great' )
;

INSERT INTO report(`report_title`,`report_abstract`,`report_date`,`project_title`)
VALUES
(  'Project daughter Report ' ,  'Agree career again American case.' ,  '1997-03-01' ,  'Project daughter' )
;

INSERT INTO report(`report_title`,`report_abstract`,`report_date`,`project_title`)
VALUES
(  'Project guy Report ' ,  'Large value this Mr but stay employee involve.' ,  '1971-03-18' ,  'Project guy' )
;

INSERT INTO report(`report_title`,`report_abstract`,`report_date`,`project_title`)
VALUES
(  'Project difficult Report ' ,  'Into paper debate thank finish side.' ,  '2003-07-14' ,  'Project difficult' )
;

INSERT INTO report(`report_title`,`report_abstract`,`report_date`,`project_title`)
VALUES
(  'Project task Report ' ,  'Culture should keep.' ,  '2003-04-14' ,  'Project task' )
;

INSERT INTO report(`report_title`,`report_abstract`,`report_date`,`project_title`)
VALUES
(  'Project party Report ' ,  'Mission middle prevent happy pick.' ,  '1987-07-12' ,  'Project party' )
;

INSERT INTO report(`report_title`,`report_abstract`,`report_date`,`project_title`)
VALUES
(  'Project middle Report ' ,  'Smile number cut public provide see return.' ,  '2003-09-13' ,  'Project middle' )
;

INSERT INTO report(`report_title`,`report_abstract`,`report_date`,`project_title`)
VALUES
(  'Project bed Report ' ,  'Bill campaign eat ball phone best voice. Many same evidence similar medical.' ,  '2018-07-14' ,  'Project bed' )
;

INSERT INTO report(`report_title`,`report_abstract`,`report_date`,`project_title`)
VALUES
(  'Project year Report ' ,  'His turn face camera positive around. Change civil data should either care machine out.' ,  '1984-02-02' ,  'Project year' )
;

INSERT INTO report(`report_title`,`report_abstract`,`report_date`,`project_title`)
VALUES
(  'Project level Report ' ,  'Majority team determine sport sort agree.' ,  '2001-12-01' ,  'Project level' )
;

